extraction_ID,collection_year,project,sample_type,extraction_plate,extraction_well,sample_ID,sample_replicate,sample_ID_date,seq_date,amplicon,pcr_personnel,pcr_mastermix,amplicon_pcr_dilutution,normalization,bead_size_selection
e03351,2023,NBS,sample,32_2024,A1,e03351_A,A,e03351_A_20240509,20240509,12S MiFish,Julianna Cornett,Qiagen Multiplex Plus,no,yes,1st: 1.8x left
e03352,2023,NBS,sample,32_2024,B1,e03352_A,A,e03352_A_20240509,20240509,12S MiFish,Julianna Cornett,Qiagen Multiplex Plus,no,yes,1st: 1.8x left
e03353,2023,NBS,sample,32_2024,C1,e03353_A,A,e03353_A_20240509,20240509,12S MiFish,Julianna Cornett,Qiagen Multiplex Plus,no,yes,1st: 1.8x left
e03354,2023,NBS,sample,32_2024,D1,e03354_A,A,e03354_A_20240509,20240509,12S MiFish,Julianna Cornett,Qiagen Multiplex Plus,no,yes,1st: 1.8x left
e03355,2023,NBS,sample,32_2024,E1,e03355_A,A,e03355_A_20240509,20240509,12S MiFish,Julianna Cornett,Qiagen Multiplex Plus,no,yes,1st: 1.8x left
e03356,2023,NBS,sample,32_2024,F1,e03356_A,A,e03356_A_20240509,20240509,12S MiFish,Julianna Cornett,Qiagen Multiplex Plus,no,yes,1st: 1.8x left
e03357,2023,NBS,field_blank,32_2024,G1,e03357_A,A,e03357_A_20240509,20240509,12S MiFish,Julianna Cornett,Qiagen Multiplex Plus,no,yes,1st: 1.8x left
e03358,2023,NBS,sample,32_2024,H1,e03358_A,A,e03358_A_20240509,20240509,12S MiFish,Julianna Cornett,Qiagen Multiplex Plus,no,yes,1st: 1.8x left
NC_1,2023,NBS,pcr_blank,NA,NA,NC_1_A,A,NC_1_A_20240509,20240509,12S MiFish,Julianna Cornett,Qiagen Multiplex Plus,no,yes,1st: 1.8x left
e03359,2023,NBS,sample,32_2024,B2,e03359_A,A,e03359_A_20240509,20240509,12S MiFish,Julianna Cornett,Qiagen Multiplex Plus,no,yes,1st: 1.8x left
e03360,2023,NBS,sample,32_2024,C2,e03360_A,A,e03360_A_20240509,20240509,12S MiFish,Julianna Cornett,Qiagen Multiplex Plus,no,yes,1st: 1.8x left
e03361,2023,NBS,sample,32_2024,D2,e03361_A,A,e03361_A_20240509,20240509,12S MiFish,Julianna Cornett,Qiagen Multiplex Plus,no,yes,1st: 1.8x left
e03362,2023,NBS,sample,32_2024,E2,e03362_A,A,e03362_A_20240509,20240509,12S MiFish,Julianna Cornett,Qiagen Multiplex Plus,no,yes,1st: 1.8x left
e03363,2023,NBS,sample,32_2024,F2,e03363_A,A,e03363_A_20240509,20240509,12S MiFish,Julianna Cornett,Qiagen Multiplex Plus,no,yes,1st: 1.8x left
e03364,2023,NBS,sample,32_2024,G2,e03364_A,A,e03364_A_20240509,20240509,12S MiFish,Julianna Cornett,Qiagen Multiplex Plus,no,yes,1st: 1.8x left
e03365,2023,NBS,sample,32_2024,H2,e03365_A,A,e03365_A_20240509,20240509,12S MiFish,Julianna Cornett,Qiagen Multiplex Plus,no,yes,1st: 1.8x left
e03366,2023,NBS,sample,32_2024,A3,e03366_A,A,e03366_A_20240509,20240509,12S MiFish,Julianna Cornett,Qiagen Multiplex Plus,no,yes,1st: 1.8x left
e03367,2023,NBS,sample,32_2024,B3,e03367_A,A,e03367_A_20240509,20240509,12S MiFish,Julianna Cornett,Qiagen Multiplex Plus,no,yes,1st: 1.8x left
e03368,2023,NBS,sample,32_2024,C3,e03368_A,A,e03368_A_20240509,20240509,12S MiFish,Julianna Cornett,Qiagen Multiplex Plus,no,yes,1st: 1.8x left
e03369,2023,NBS,sample,32_2024,D3,e03369_A,A,e03369_A_20240509,20240509,12S MiFish,Julianna Cornett,Qiagen Multiplex Plus,no,yes,1st: 1.8x left
e03370,2023,NBS,sample,32_2024,E3,e03370_A,A,e03370_A_20240509,20240509,12S MiFish,Julianna Cornett,Qiagen Multiplex Plus,no,yes,1st: 1.8x left
e03371,2023,NBS,sample,32_2024,F3,e03371_A,A,e03371_A_20240509,20240509,12S MiFish,Julianna Cornett,Qiagen Multiplex Plus,no,yes,1st: 1.8x left
e03372,2023,NBS,sample,32_2024,G3,e03372_A,A,e03372_A_20240509,20240509,12S MiFish,Julianna Cornett,Qiagen Multiplex Plus,no,yes,1st: 1.8x left
NC_2,2023,NBS,pcr_blank,NA,NA,NC_2_A,A,NC_2_A_20240509,20240509,12S MiFish,Julianna Cornett,Qiagen Multiplex Plus,no,yes,1st: 1.8x left
e03373,2023,NBS,field_blank,32_2024,A4,e03373_A,A,e03373_A_20240509,20240509,12S MiFish,Julianna Cornett,Qiagen Multiplex Plus,no,yes,1st: 1.8x left
e03374,2023,NBS,sample,32_2024,B4,e03374_A,A,e03374_A_20240509,20240509,12S MiFish,Julianna Cornett,Qiagen Multiplex Plus,no,yes,1st: 1.8x left
e03375,2023,NBS,sample,32_2024,C4,e03375_A,A,e03375_A_20240509,20240509,12S MiFish,Julianna Cornett,Qiagen Multiplex Plus,no,yes,1st: 1.8x left
e03376,2023,NBS,sample,32_2024,D4,e03376_A,A,e03376_A_20240509,20240509,12S MiFish,Julianna Cornett,Qiagen Multiplex Plus,no,yes,1st: 1.8x left
e03377,2023,NBS,sample,32_2024,E4,e03377_A,A,e03377_A_20240509,20240509,12S MiFish,Julianna Cornett,Qiagen Multiplex Plus,no,yes,1st: 1.8x left
e03378,2023,NBS,sample,32_2024,F4,e03378_A,A,e03378_A_20240509,20240509,12S MiFish,Julianna Cornett,Qiagen Multiplex Plus,no,yes,1st: 1.8x left
e03379,2023,NBS,sample,32_2024,G4,e03379_A,A,e03379_A_20240509,20240509,12S MiFish,Julianna Cornett,Qiagen Multiplex Plus,no,yes,1st: 1.8x left
e03380,2023,NBS,field_blank,32_2024,H4,e03380_A,A,e03380_A_20240509,20240509,12S MiFish,Julianna Cornett,Qiagen Multiplex Plus,no,yes,1st: 1.8x left
e03381,2023,NBS,sample,32_2024,A5,e03381_A,A,e03381_A_20240509,20240509,12S MiFish,Julianna Cornett,Qiagen Multiplex Plus,no,yes,1st: 1.8x left
e03382,2023,NBS,sample,32_2024,B5,e03382_A,A,e03382_A_20240509,20240509,12S MiFish,Julianna Cornett,Qiagen Multiplex Plus,no,yes,1st: 1.8x left
e03383,2023,NBS,sample,32_2024,C5,e03383_A,A,e03383_A_20240509,20240509,12S MiFish,Julianna Cornett,Qiagen Multiplex Plus,no,yes,1st: 1.8x left
NC_3,2023,NBS,pcr_blank,32_2024,D5,NC_3_A,A,NC_3_A_20240509,20240509,12S MiFish,Julianna Cornett,Qiagen Multiplex Plus,no,yes,1st: 1.8x left
e03384,2023,NBS,sample,32_2024,E5,e03384_A,A,e03384_A_20240509,20240509,12S MiFish,Julianna Cornett,Qiagen Multiplex Plus,no,yes,1st: 1.8x left
e03385,2023,NBS,sample,32_2024,F5,e03385_A,A,e03385_A_20240509,20240509,12S MiFish,Julianna Cornett,Qiagen Multiplex Plus,no,yes,1st: 1.8x left
e03386,2023,NBS,sample,32_2024,G5,e03386_A,A,e03386_A_20240509,20240509,12S MiFish,Julianna Cornett,Qiagen Multiplex Plus,no,yes,1st: 1.8x left
e03387,2023,NBS,sample,32_2024,H5,e03387_A,A,e03387_A_20240509,20240509,12S MiFish,Julianna Cornett,Qiagen Multiplex Plus,no,yes,1st: 1.8x left
e03388,2023,NBS,sample,32_2024,A6,e03388_A,A,e03388_A_20240509,20240509,12S MiFish,Julianna Cornett,Qiagen Multiplex Plus,no,yes,1st: 1.8x left
e03389,2023,NBS,sample,32_2024,B6,e03389_A,A,e03389_A_20240509,20240509,12S MiFish,Julianna Cornett,Qiagen Multiplex Plus,no,yes,1st: 1.8x left
e03390,2023,NBS,field_blank,32_2024,C6,e03390_A,A,e03390_A_20240509,20240509,12S MiFish,Julianna Cornett,Qiagen Multiplex Plus,no,yes,1st: 1.8x left
e03391,2023,NBS,sample,32_2024,D6,e03391_A,A,e03391_A_20240509,20240509,12S MiFish,Julianna Cornett,Qiagen Multiplex Plus,no,yes,1st: 1.8x left
e03392,2023,NBS,sample,32_2024,E6,e03392_A,A,e03392_A_20240509,20240509,12S MiFish,Julianna Cornett,Qiagen Multiplex Plus,no,yes,1st: 1.8x left
e03393,2023,NBS,sample,32_2024,F6,e03393_A,A,e03393_A_20240509,20240509,12S MiFish,Julianna Cornett,Qiagen Multiplex Plus,no,yes,1st: 1.8x left
e03394,2023,NBS,sample,32_2024,G6,e03394_A,A,e03394_A_20240509,20240509,12S MiFish,Julianna Cornett,Qiagen Multiplex Plus,no,yes,1st: 1.8x left
e03395,2023,NBS,sample,32_2024,H6,e03395_A,A,e03395_A_20240509,20240509,12S MiFish,Julianna Cornett,Qiagen Multiplex Plus,no,yes,1st: 1.8x left
NC_4,2023,NBS,pcr_blank,32_2024,A7,NC_4_A,A,NC_4_A_20240509,20240509,12S MiFish,Julianna Cornett,Qiagen Multiplex Plus,no,yes,1st: 1.8x left
e03396,2023,NBS,sample,32_2024,B7,e03396_A,A,e03396_A_20240509,20240509,12S MiFish,Julianna Cornett,Qiagen Multiplex Plus,no,yes,1st: 1.8x left
e03397,2023,NBS,field_blank,32_2024,C7,e03397_A,A,e03397_A_20240509,20240509,12S MiFish,Julianna Cornett,Qiagen Multiplex Plus,no,yes,1st: 1.8x left
e03398,2023,NBS,sample,32_2024,D7,e03398_A,A,e03398_A_20240509,20240509,12S MiFish,Julianna Cornett,Qiagen Multiplex Plus,no,yes,1st: 1.8x left
e03399,2023,NBS,sample,32_2024,E7,e03399_A,A,e03399_A_20240509,20240509,12S MiFish,Julianna Cornett,Qiagen Multiplex Plus,no,yes,1st: 1.8x left
e03400,2023,NBS,sample,32_2024,F7,e03400_A,A,e03400_A_20240509,20240509,12S MiFish,Julianna Cornett,Qiagen Multiplex Plus,no,yes,1st: 1.8x left
e03401,2023,NBS,sample,32_2024,G7,e03401_A,A,e03401_A_20240509,20240509,12S MiFish,Julianna Cornett,Qiagen Multiplex Plus,no,yes,1st: 1.8x left
e03402,2023,NBS,sample,32_2024,H7,e03402_A,A,e03402_A_20240509,20240509,12S MiFish,Julianna Cornett,Qiagen Multiplex Plus,no,yes,1st: 1.8x left
e03403,2023,NBS,sample,32_2024,A8,e03403_A,A,e03403_A_20240509,20240509,12S MiFish,Julianna Cornett,Qiagen Multiplex Plus,no,yes,1st: 1.8x left
e03404,2023,NBS,sample,32_2024,B8,e03404_A,A,e03404_A_20240509,20240509,12S MiFish,Julianna Cornett,Qiagen Multiplex Plus,no,yes,1st: 1.8x left
e03405,2023,NBS,sample,32_2024,C8,e03405_A,A,e03405_A_20240509,20240509,12S MiFish,Julianna Cornett,Qiagen Multiplex Plus,no,yes,1st: 1.8x left
e03406,2023,NBS,sample,32_2024,D8,e03406_A,A,e03406_A_20240509,20240509,12S MiFish,Julianna Cornett,Qiagen Multiplex Plus,no,yes,1st: 1.8x left
e03407,2023,NBS,sample,32_2024,E8,e03407_A,A,e03407_A_20240509,20240509,12S MiFish,Julianna Cornett,Qiagen Multiplex Plus,no,yes,1st: 1.8x left
e03408,2023,NBS,sample,32_2024,F8,e03408_A,A,e03408_A_20240509,20240509,12S MiFish,Julianna Cornett,Qiagen Multiplex Plus,no,yes,1st: 1.8x left
e03409,2023,NBS,sample,32_2024,G8,e03409_A,A,e03409_A_20240509,20240509,12S MiFish,Julianna Cornett,Qiagen Multiplex Plus,no,yes,1st: 1.8x left
NC_5,2023,NBS,pcr_blank,32_2024,H8,NC_5_A,A,NC_5_A_20240509,20240509,12S MiFish,Julianna Cornett,Qiagen Multiplex Plus,no,yes,1st: 1.8x left
e03410,2023,NBS,sample,32_2024,A9,e03410_A,A,e03410_A_20240509,20240509,12S MiFish,Julianna Cornett,Qiagen Multiplex Plus,no,yes,1st: 1.8x left
e03411,2023,NBS,sample,32_2024,B9,e03411_A,A,e03411_A_20240509,20240509,12S MiFish,Julianna Cornett,Qiagen Multiplex Plus,no,yes,1st: 1.8x left
e03412,2023,NBS,sample,32_2024,C9,e03412_A,A,e03412_A_20240509,20240509,12S MiFish,Julianna Cornett,Qiagen Multiplex Plus,no,yes,1st: 1.8x left
e03413,2023,NBS,field_blank,32_2024,D9,e03413_A,A,e03413_A_20240509,20240509,12S MiFish,Julianna Cornett,Qiagen Multiplex Plus,no,yes,1st: 1.8x left
e03414,2023,NBS,sample,32_2024,E9,e03414_A,A,e03414_A_20240509,20240509,12S MiFish,Julianna Cornett,Qiagen Multiplex Plus,no,yes,1st: 1.8x left
e03415,2023,NBS,sample,32_2024,F9,e03415_A,A,e03415_A_20240509,20240509,12S MiFish,Julianna Cornett,Qiagen Multiplex Plus,no,yes,1st: 1.8x left
e03416,2023,NBS,sample,32_2024,G9,e03416_A,A,e03416_A_20240509,20240509,12S MiFish,Julianna Cornett,Qiagen Multiplex Plus,no,yes,1st: 1.8x left
e03417,2023,NBS,sample,32_2024,H9,e03417_A,A,e03417_A_20240509,20240509,12S MiFish,Julianna Cornett,Qiagen Multiplex Plus,no,yes,1st: 1.8x left
e03418,2023,NBS,sample,32_2024,A10,e03418_A,A,e03418_A_20240509,20240509,12S MiFish,Julianna Cornett,Qiagen Multiplex Plus,no,yes,1st: 1.8x left
e03419,2023,NBS,sample,32_2024,B10,e03419_A,A,e03419_A_20240509,20240509,12S MiFish,Julianna Cornett,Qiagen Multiplex Plus,no,yes,1st: 1.8x left
e03420,2023,NBS,field_blank,32_2024,C10,e03420_A,A,e03420_A_20240509,20240509,12S MiFish,Julianna Cornett,Qiagen Multiplex Plus,no,yes,1st: 1.8x left
NC_6,2023,NBS,pcr_blank,32_2024,D10,NC_6_A,A,NC_6_A_20240509,20240509,12S MiFish,Julianna Cornett,Qiagen Multiplex Plus,no,yes,1st: 1.8x left
e03421,2023,NBS,sample,32_2024,E10,e03421_A,A,e03421_A_20240509,20240509,12S MiFish,Julianna Cornett,Qiagen Multiplex Plus,no,yes,1st: 1.8x left
e03422,2023,NBS,sample,32_2024,F10,e03422_A,A,e03422_A_20240509,20240509,12S MiFish,Julianna Cornett,Qiagen Multiplex Plus,no,yes,1st: 1.8x left
e03423,2023,NBS,sample,32_2024,G10,e03423_A,A,e03423_A_20240509,20240509,12S MiFish,Julianna Cornett,Qiagen Multiplex Plus,no,yes,1st: 1.8x left
e03424,2023,NBS,sample,32_2024,H10,e03424_A,A,e03424_A_20240509,20240509,12S MiFish,Julianna Cornett,Qiagen Multiplex Plus,no,yes,1st: 1.8x left
e03425,2023,NBS,sample,32_2024,A11,e03425_A,A,e03425_A_20240509,20240509,12S MiFish,Julianna Cornett,Qiagen Multiplex Plus,no,yes,1st: 1.8x left
e03426,2023,NBS,sample,32_2024,B11,e03426_A,A,e03426_A_20240509,20240509,12S MiFish,Julianna Cornett,Qiagen Multiplex Plus,no,yes,1st: 1.8x left
e03427,2023,NBS,sample,32_2024,C11,e03427_A,A,e03427_A_20240509,20240509,12S MiFish,Julianna Cornett,Qiagen Multiplex Plus,no,yes,1st: 1.8x left
e03428,2023,NBS,sample,32_2024,D11,e03428_A,A,e03428_A_20240509,20240509,12S MiFish,Julianna Cornett,Qiagen Multiplex Plus,no,yes,1st: 1.8x left
e03429,2023,NBS,sample,32_2024,E11,e03429_A,A,e03429_A_20240509,20240509,12S MiFish,Julianna Cornett,Qiagen Multiplex Plus,no,yes,1st: 1.8x left
e03430,2023,NBS,sample,32_2024,F11,e03430_A,A,e03430_A_20240509,20240509,12S MiFish,Julianna Cornett,Qiagen Multiplex Plus,no,yes,1st: 1.8x left
e03431,2023,NBS,sample,32_2024,G11,e03431_A,A,e03431_A_20240509,20240509,12S MiFish,Julianna Cornett,Qiagen Multiplex Plus,no,yes,1st: 1.8x left
e03432,2023,NBS,sample,32_2024,H11,e03432_A,A,e03432_A_20240509,20240509,12S MiFish,Julianna Cornett,Qiagen Multiplex Plus,no,yes,1st: 1.8x left
NC_7,2023,NBS,pcr_blank,32_2024,A12,NC_7_A,A,NC_7_A_20240509,20240509,12S MiFish,Julianna Cornett,Qiagen Multiplex Plus,no,yes,1st: 1.8x left
e03433,2023,NBS,field_blank,32_2024,B12,e03433_A,A,e03433_A_20240509,20240509,12S MiFish,Julianna Cornett,Qiagen Multiplex Plus,no,yes,1st: 1.8x left
e03434,2023,NBS,sample,32_2024,C12,e03434_A,A,e03434_A_20240509,20240509,12S MiFish,Julianna Cornett,Qiagen Multiplex Plus,no,yes,1st: 1.8x left
e03435,2023,NBS,sample,32_2024,D12,e03435_A,A,e03435_A_20240509,20240509,12S MiFish,Julianna Cornett,Qiagen Multiplex Plus,no,yes,1st: 1.8x left
e03436,2023,NBS,sample,32_2024,E12,e03436_A,A,e03436_A_20240509,20240509,12S MiFish,Julianna Cornett,Qiagen Multiplex Plus,no,yes,1st: 1.8x left
e03437,2023,NBS,sample,32_2024,F12,e03437_A,A,e03437_A_20240509,20240509,12S MiFish,Julianna Cornett,Qiagen Multiplex Plus,no,yes,1st: 1.8x left
e03438,2023,NBS,sample,32_2024,G12,e03438_A,A,e03438_A_20240509,20240509,12S MiFish,Julianna Cornett,Qiagen Multiplex Plus,no,yes,1st: 1.8x left
PC,2023,NBS,positive,NA,NA,PC_A,A,PC_A_20240509,20240509,12S MiFish,Julianna Cornett,Qiagen Multiplex Plus,yes,yes,1st: 1.8x left
e03351,2023,NBS,sample,32_2024,A1,e03351_B,B,e03351_B_20240509,20240509,12S MiFish,Julianna Cornett,Qiagen Multiplex Plus,no,yes,1st: 1.8x left
e03352,2023,NBS,sample,32_2024,B1,e03352_B,B,e03352_B_20240509,20240509,12S MiFish,Julianna Cornett,Qiagen Multiplex Plus,no,yes,1st: 1.8x left
e03353,2023,NBS,sample,32_2024,C1,e03353_B,B,e03353_B_20240509,20240509,12S MiFish,Julianna Cornett,Qiagen Multiplex Plus,no,yes,1st: 1.8x left
e03354,2023,NBS,sample,32_2024,D1,e03354_B,B,e03354_B_20240509,20240509,12S MiFish,Julianna Cornett,Qiagen Multiplex Plus,no,yes,1st: 1.8x left
e03355,2023,NBS,sample,32_2024,E1,e03355_B,B,e03355_B_20240509,20240509,12S MiFish,Julianna Cornett,Qiagen Multiplex Plus,no,yes,1st: 1.8x left
e03356,2023,NBS,sample,32_2024,F1,e03356_B,B,e03356_B_20240509,20240509,12S MiFish,Julianna Cornett,Qiagen Multiplex Plus,no,yes,1st: 1.8x left
e03357,2023,NBS,field_blank,32_2024,G1,e03357_B,B,e03357_B_20240509,20240509,12S MiFish,Julianna Cornett,Qiagen Multiplex Plus,no,yes,1st: 1.8x left
e03358,2023,NBS,sample,32_2024,H1,e03358_B,B,e03358_B_20240509,20240509,12S MiFish,Julianna Cornett,Qiagen Multiplex Plus,no,yes,1st: 1.8x left
NC_1,2023,NBS,pcr_blank,NA,NA,NC_1_B,B,NC_1_B_20240509,20240509,12S MiFish,Julianna Cornett,Qiagen Multiplex Plus,no,yes,1st: 1.8x left
e03359,2023,NBS,sample,32_2024,B2,e03359_B,B,e03359_B_20240509,20240509,12S MiFish,Julianna Cornett,Qiagen Multiplex Plus,no,yes,1st: 1.8x left
e03360,2023,NBS,sample,32_2024,C2,e03360_B,B,e03360_B_20240509,20240509,12S MiFish,Julianna Cornett,Qiagen Multiplex Plus,no,yes,1st: 1.8x left
e03361,2023,NBS,sample,32_2024,D2,e03361_B,B,e03361_B_20240509,20240509,12S MiFish,Julianna Cornett,Qiagen Multiplex Plus,no,yes,1st: 1.8x left
e03362,2023,NBS,sample,32_2024,E2,e03362_B,B,e03362_B_20240509,20240509,12S MiFish,Julianna Cornett,Qiagen Multiplex Plus,no,yes,1st: 1.8x left
e03363,2023,NBS,sample,32_2024,F2,e03363_B,B,e03363_B_20240509,20240509,12S MiFish,Julianna Cornett,Qiagen Multiplex Plus,no,yes,1st: 1.8x left
e03364,2023,NBS,sample,32_2024,G2,e03364_B,B,e03364_B_20240509,20240509,12S MiFish,Julianna Cornett,Qiagen Multiplex Plus,no,yes,1st: 1.8x left
e03365,2023,NBS,sample,32_2024,H2,e03365_B,B,e03365_B_20240509,20240509,12S MiFish,Julianna Cornett,Qiagen Multiplex Plus,no,yes,1st: 1.8x left
e03366,2023,NBS,sample,32_2024,A3,e03366_B,B,e03366_B_20240509,20240509,12S MiFish,Julianna Cornett,Qiagen Multiplex Plus,no,yes,1st: 1.8x left
e03367,2023,NBS,sample,32_2024,B3,e03367_B,B,e03367_B_20240509,20240509,12S MiFish,Julianna Cornett,Qiagen Multiplex Plus,no,yes,1st: 1.8x left
e03368,2023,NBS,sample,32_2024,C3,e03368_B,B,e03368_B_20240509,20240509,12S MiFish,Julianna Cornett,Qiagen Multiplex Plus,no,yes,1st: 1.8x left
e03369,2023,NBS,sample,32_2024,D3,e03369_B,B,e03369_B_20240509,20240509,12S MiFish,Julianna Cornett,Qiagen Multiplex Plus,no,yes,1st: 1.8x left
e03370,2023,NBS,sample,32_2024,E3,e03370_B,B,e03370_B_20240509,20240509,12S MiFish,Julianna Cornett,Qiagen Multiplex Plus,no,yes,1st: 1.8x left
e03371,2023,NBS,sample,32_2024,F3,e03371_B,B,e03371_B_20240509,20240509,12S MiFish,Julianna Cornett,Qiagen Multiplex Plus,no,yes,1st: 1.8x left
e03372,2023,NBS,sample,32_2024,G3,e03372_B,B,e03372_B_20240509,20240509,12S MiFish,Julianna Cornett,Qiagen Multiplex Plus,no,yes,1st: 1.8x left
NC_2,2023,NBS,pcr_blank,NA,NA,NC_2_B,B,NC_2_B_20240509,20240509,12S MiFish,Julianna Cornett,Qiagen Multiplex Plus,no,yes,1st: 1.8x left
e03373,2023,NBS,field_blank,32_2024,A4,e03373_B,B,e03373_B_20240509,20240509,12S MiFish,Julianna Cornett,Qiagen Multiplex Plus,no,yes,1st: 1.8x left
e03374,2023,NBS,sample,32_2024,B4,e03374_B,B,e03374_B_20240509,20240509,12S MiFish,Julianna Cornett,Qiagen Multiplex Plus,no,yes,1st: 1.8x left
e03375,2023,NBS,sample,32_2024,C4,e03375_B,B,e03375_B_20240509,20240509,12S MiFish,Julianna Cornett,Qiagen Multiplex Plus,no,yes,1st: 1.8x left
e03376,2023,NBS,sample,32_2024,D4,e03376_B,B,e03376_B_20240509,20240509,12S MiFish,Julianna Cornett,Qiagen Multiplex Plus,no,yes,1st: 1.8x left
e03377,2023,NBS,sample,32_2024,E4,e03377_B,B,e03377_B_20240509,20240509,12S MiFish,Julianna Cornett,Qiagen Multiplex Plus,no,yes,1st: 1.8x left
e03378,2023,NBS,sample,32_2024,F4,e03378_B,B,e03378_B_20240509,20240509,12S MiFish,Julianna Cornett,Qiagen Multiplex Plus,no,yes,1st: 1.8x left
e03379,2023,NBS,sample,32_2024,G4,e03379_B,B,e03379_B_20240509,20240509,12S MiFish,Julianna Cornett,Qiagen Multiplex Plus,no,yes,1st: 1.8x left
e03380,2023,NBS,field_blank,32_2024,H4,e03380_B,B,e03380_B_20240509,20240509,12S MiFish,Julianna Cornett,Qiagen Multiplex Plus,no,yes,1st: 1.8x left
e03381,2023,NBS,sample,32_2024,A5,e03381_B,B,e03381_B_20240509,20240509,12S MiFish,Julianna Cornett,Qiagen Multiplex Plus,no,yes,1st: 1.8x left
e03382,2023,NBS,sample,32_2024,B5,e03382_B,B,e03382_B_20240509,20240509,12S MiFish,Julianna Cornett,Qiagen Multiplex Plus,no,yes,1st: 1.8x left
e03383,2023,NBS,sample,32_2024,C5,e03383_B,B,e03383_B_20240509,20240509,12S MiFish,Julianna Cornett,Qiagen Multiplex Plus,no,yes,1st: 1.8x left
NC_3,2023,NBS,pcr_blank,32_2024,D5,NC_3_B,B,NC_3_B_20240509,20240509,12S MiFish,Julianna Cornett,Qiagen Multiplex Plus,no,yes,1st: 1.8x left
e03384,2023,NBS,sample,32_2024,E5,e03384_B,B,e03384_B_20240509,20240509,12S MiFish,Julianna Cornett,Qiagen Multiplex Plus,no,yes,1st: 1.8x left
e03385,2023,NBS,sample,32_2024,F5,e03385_B,B,e03385_B_20240509,20240509,12S MiFish,Julianna Cornett,Qiagen Multiplex Plus,no,yes,1st: 1.8x left
e03386,2023,NBS,sample,32_2024,G5,e03386_B,B,e03386_B_20240509,20240509,12S MiFish,Julianna Cornett,Qiagen Multiplex Plus,no,yes,1st: 1.8x left
e03387,2023,NBS,sample,32_2024,H5,e03387_B,B,e03387_B_20240509,20240509,12S MiFish,Julianna Cornett,Qiagen Multiplex Plus,no,yes,1st: 1.8x left
e03388,2023,NBS,sample,32_2024,A6,e03388_B,B,e03388_B_20240509,20240509,12S MiFish,Julianna Cornett,Qiagen Multiplex Plus,no,yes,1st: 1.8x left
e03389,2023,NBS,sample,32_2024,B6,e03389_B,B,e03389_B_20240509,20240509,12S MiFish,Julianna Cornett,Qiagen Multiplex Plus,no,yes,1st: 1.8x left
e03390,2023,NBS,field_blank,32_2024,C6,e03390_B,B,e03390_B_20240509,20240509,12S MiFish,Julianna Cornett,Qiagen Multiplex Plus,no,yes,1st: 1.8x left
e03391,2023,NBS,sample,32_2024,D6,e03391_B,B,e03391_B_20240509,20240509,12S MiFish,Julianna Cornett,Qiagen Multiplex Plus,no,yes,1st: 1.8x left
e03392,2023,NBS,sample,32_2024,E6,e03392_B,B,e03392_B_20240509,20240509,12S MiFish,Julianna Cornett,Qiagen Multiplex Plus,no,yes,1st: 1.8x left
e03393,2023,NBS,sample,32_2024,F6,e03393_B,B,e03393_B_20240509,20240509,12S MiFish,Julianna Cornett,Qiagen Multiplex Plus,no,yes,1st: 1.8x left
e03394,2023,NBS,sample,32_2024,G6,e03394_B,B,e03394_B_20240509,20240509,12S MiFish,Julianna Cornett,Qiagen Multiplex Plus,no,yes,1st: 1.8x left
e03395,2023,NBS,sample,32_2024,H6,e03395_B,B,e03395_B_20240509,20240509,12S MiFish,Julianna Cornett,Qiagen Multiplex Plus,no,yes,1st: 1.8x left
NC_4,2023,NBS,pcr_blank,32_2024,A7,NC_4_B,B,NC_4_B_20240509,20240509,12S MiFish,Julianna Cornett,Qiagen Multiplex Plus,no,yes,1st: 1.8x left
e03396,2023,NBS,sample,32_2024,B7,e03396_B,B,e03396_B_20240509,20240509,12S MiFish,Julianna Cornett,Qiagen Multiplex Plus,no,yes,1st: 1.8x left
e03397,2023,NBS,field_blank,32_2024,C7,e03397_B,B,e03397_B_20240509,20240509,12S MiFish,Julianna Cornett,Qiagen Multiplex Plus,no,yes,1st: 1.8x left
e03398,2023,NBS,sample,32_2024,D7,e03398_B,B,e03398_B_20240509,20240509,12S MiFish,Julianna Cornett,Qiagen Multiplex Plus,no,yes,1st: 1.8x left
e03399,2023,NBS,sample,32_2024,E7,e03399_B,B,e03399_B_20240509,20240509,12S MiFish,Julianna Cornett,Qiagen Multiplex Plus,no,yes,1st: 1.8x left
e03400,2023,NBS,sample,32_2024,F7,e03400_B,B,e03400_B_20240509,20240509,12S MiFish,Julianna Cornett,Qiagen Multiplex Plus,no,yes,1st: 1.8x left
e03401,2023,NBS,sample,32_2024,G7,e03401_B,B,e03401_B_20240509,20240509,12S MiFish,Julianna Cornett,Qiagen Multiplex Plus,no,yes,1st: 1.8x left
e03402,2023,NBS,sample,32_2024,H7,e03402_B,B,e03402_B_20240509,20240509,12S MiFish,Julianna Cornett,Qiagen Multiplex Plus,no,yes,1st: 1.8x left
e03403,2023,NBS,sample,32_2024,A8,e03403_B,B,e03403_B_20240509,20240509,12S MiFish,Julianna Cornett,Qiagen Multiplex Plus,no,yes,1st: 1.8x left
e03404,2023,NBS,sample,32_2024,B8,e03404_B,B,e03404_B_20240509,20240509,12S MiFish,Julianna Cornett,Qiagen Multiplex Plus,no,yes,1st: 1.8x left
e03405,2023,NBS,sample,32_2024,C8,e03405_B,B,e03405_B_20240509,20240509,12S MiFish,Julianna Cornett,Qiagen Multiplex Plus,no,yes,1st: 1.8x left
e03406,2023,NBS,sample,32_2024,D8,e03406_B,B,e03406_B_20240509,20240509,12S MiFish,Julianna Cornett,Qiagen Multiplex Plus,no,yes,1st: 1.8x left
e03407,2023,NBS,sample,32_2024,E8,e03407_B,B,e03407_B_20240509,20240509,12S MiFish,Julianna Cornett,Qiagen Multiplex Plus,no,yes,1st: 1.8x left
e03408,2023,NBS,sample,32_2024,F8,e03408_B,B,e03408_B_20240509,20240509,12S MiFish,Julianna Cornett,Qiagen Multiplex Plus,no,yes,1st: 1.8x left
e03409,2023,NBS,sample,32_2024,G8,e03409_B,B,e03409_B_20240509,20240509,12S MiFish,Julianna Cornett,Qiagen Multiplex Plus,no,yes,1st: 1.8x left
NC_5,2023,NBS,pcr_blank,32_2024,H8,NC_5_B,B,NC_5_B_20240509,20240509,12S MiFish,Julianna Cornett,Qiagen Multiplex Plus,no,yes,1st: 1.8x left
e03410,2023,NBS,sample,32_2024,A9,e03410_B,B,e03410_B_20240509,20240509,12S MiFish,Julianna Cornett,Qiagen Multiplex Plus,no,yes,1st: 1.8x left
e03411,2023,NBS,sample,32_2024,B9,e03411_B,B,e03411_B_20240509,20240509,12S MiFish,Julianna Cornett,Qiagen Multiplex Plus,no,yes,1st: 1.8x left
e03412,2023,NBS,sample,32_2024,C9,e03412_B,B,e03412_B_20240509,20240509,12S MiFish,Julianna Cornett,Qiagen Multiplex Plus,no,yes,1st: 1.8x left
e03413,2023,NBS,field_blank,32_2024,D9,e03413_B,B,e03413_B_20240509,20240509,12S MiFish,Julianna Cornett,Qiagen Multiplex Plus,no,yes,1st: 1.8x left
e03414,2023,NBS,sample,32_2024,E9,e03414_B,B,e03414_B_20240509,20240509,12S MiFish,Julianna Cornett,Qiagen Multiplex Plus,no,yes,1st: 1.8x left
e03415,2023,NBS,sample,32_2024,F9,e03415_B,B,e03415_B_20240509,20240509,12S MiFish,Julianna Cornett,Qiagen Multiplex Plus,no,yes,1st: 1.8x left
e03416,2023,NBS,sample,32_2024,G9,e03416_B,B,e03416_B_20240509,20240509,12S MiFish,Julianna Cornett,Qiagen Multiplex Plus,no,yes,1st: 1.8x left
e03417,2023,NBS,sample,32_2024,H9,e03417_B,B,e03417_B_20240509,20240509,12S MiFish,Julianna Cornett,Qiagen Multiplex Plus,no,yes,1st: 1.8x left
e03418,2023,NBS,sample,32_2024,A10,e03418_B,B,e03418_B_20240509,20240509,12S MiFish,Julianna Cornett,Qiagen Multiplex Plus,no,yes,1st: 1.8x left
e03419,2023,NBS,sample,32_2024,B10,e03419_B,B,e03419_B_20240509,20240509,12S MiFish,Julianna Cornett,Qiagen Multiplex Plus,no,yes,1st: 1.8x left
e03420,2023,NBS,field_blank,32_2024,C10,e03420_B,B,e03420_B_20240509,20240509,12S MiFish,Julianna Cornett,Qiagen Multiplex Plus,no,yes,1st: 1.8x left
NC_6,2023,NBS,pcr_blank,32_2024,D10,NC_6_B,B,NC_6_B_20240509,20240509,12S MiFish,Julianna Cornett,Qiagen Multiplex Plus,no,yes,1st: 1.8x left
e03421,2023,NBS,sample,32_2024,E10,e03421_B,B,e03421_B_20240509,20240509,12S MiFish,Julianna Cornett,Qiagen Multiplex Plus,no,yes,1st: 1.8x left
e03422,2023,NBS,sample,32_2024,F10,e03422_B,B,e03422_B_20240509,20240509,12S MiFish,Julianna Cornett,Qiagen Multiplex Plus,no,yes,1st: 1.8x left
e03423,2023,NBS,sample,32_2024,G10,e03423_B,B,e03423_B_20240509,20240509,12S MiFish,Julianna Cornett,Qiagen Multiplex Plus,no,yes,1st: 1.8x left
e03424,2023,NBS,sample,32_2024,H10,e03424_B,B,e03424_B_20240509,20240509,12S MiFish,Julianna Cornett,Qiagen Multiplex Plus,no,yes,1st: 1.8x left
e03425,2023,NBS,sample,32_2024,A11,e03425_B,B,e03425_B_20240509,20240509,12S MiFish,Julianna Cornett,Qiagen Multiplex Plus,no,yes,1st: 1.8x left
e03426,2023,NBS,sample,32_2024,B11,e03426_B,B,e03426_B_20240509,20240509,12S MiFish,Julianna Cornett,Qiagen Multiplex Plus,no,yes,1st: 1.8x left
e03427,2023,NBS,sample,32_2024,C11,e03427_B,B,e03427_B_20240509,20240509,12S MiFish,Julianna Cornett,Qiagen Multiplex Plus,no,yes,1st: 1.8x left
e03428,2023,NBS,sample,32_2024,D11,e03428_B,B,e03428_B_20240509,20240509,12S MiFish,Julianna Cornett,Qiagen Multiplex Plus,no,yes,1st: 1.8x left
e03429,2023,NBS,sample,32_2024,E11,e03429_B,B,e03429_B_20240509,20240509,12S MiFish,Julianna Cornett,Qiagen Multiplex Plus,no,yes,1st: 1.8x left
e03430,2023,NBS,sample,32_2024,F11,e03430_B,B,e03430_B_20240509,20240509,12S MiFish,Julianna Cornett,Qiagen Multiplex Plus,no,yes,1st: 1.8x left
e03431,2023,NBS,sample,32_2024,G11,e03431_B,B,e03431_B_20240509,20240509,12S MiFish,Julianna Cornett,Qiagen Multiplex Plus,no,yes,1st: 1.8x left
e03432,2023,NBS,sample,32_2024,H11,e03432_B,B,e03432_B_20240509,20240509,12S MiFish,Julianna Cornett,Qiagen Multiplex Plus,no,yes,1st: 1.8x left
NC_7,2023,NBS,pcr_blank,32_2024,A12,NC_7_B,B,NC_7_B_20240509,20240509,12S MiFish,Julianna Cornett,Qiagen Multiplex Plus,no,yes,1st: 1.8x left
e03433,2023,NBS,field_blank,32_2024,B12,e03433_B,B,e03433_B_20240509,20240509,12S MiFish,Julianna Cornett,Qiagen Multiplex Plus,no,yes,1st: 1.8x left
e03434,2023,NBS,sample,32_2024,C12,e03434_B,B,e03434_B_20240509,20240509,12S MiFish,Julianna Cornett,Qiagen Multiplex Plus,no,yes,1st: 1.8x left
e03435,2023,NBS,sample,32_2024,D12,e03435_B,B,e03435_B_20240509,20240509,12S MiFish,Julianna Cornett,Qiagen Multiplex Plus,no,yes,1st: 1.8x left
e03436,2023,NBS,sample,32_2024,E12,e03436_B,B,e03436_B_20240509,20240509,12S MiFish,Julianna Cornett,Qiagen Multiplex Plus,no,yes,1st: 1.8x left
e03437,2023,NBS,sample,32_2024,F12,e03437_B,B,e03437_B_20240509,20240509,12S MiFish,Julianna Cornett,Qiagen Multiplex Plus,no,yes,1st: 1.8x left
e03438,2023,NBS,sample,32_2024,G12,e03438_B,B,e03438_B_20240509,20240509,12S MiFish,Julianna Cornett,Qiagen Multiplex Plus,no,yes,1st: 1.8x left
PC,2023,NBS,positive,NA,NA,PC_B,B,PC_B_20240509,20240509,12S MiFish,Julianna Cornett,Qiagen Multiplex Plus,yes,yes,1st: 1.8x left
e03351,2023,NBS,sample,32_2024,A1,e03351_C,C,e03351_C_20240509,20240509,12S MiFish,Julianna Cornett,Qiagen Multiplex Plus,no,yes,1st: 1.8x left
e03352,2023,NBS,sample,32_2024,B1,e03352_C,C,e03352_C_20240509,20240509,12S MiFish,Julianna Cornett,Qiagen Multiplex Plus,no,yes,1st: 1.8x left
e03353,2023,NBS,sample,32_2024,C1,e03353_C,C,e03353_C_20240509,20240509,12S MiFish,Julianna Cornett,Qiagen Multiplex Plus,no,yes,1st: 1.8x left
e03354,2023,NBS,sample,32_2024,D1,e03354_C,C,e03354_C_20240509,20240509,12S MiFish,Julianna Cornett,Qiagen Multiplex Plus,no,yes,1st: 1.8x left
e03355,2023,NBS,sample,32_2024,E1,e03355_C,C,e03355_C_20240509,20240509,12S MiFish,Julianna Cornett,Qiagen Multiplex Plus,no,yes,1st: 1.8x left
e03356,2023,NBS,sample,32_2024,F1,e03356_C,C,e03356_C_20240509,20240509,12S MiFish,Julianna Cornett,Qiagen Multiplex Plus,no,yes,1st: 1.8x left
e03357,2023,NBS,field_blank,32_2024,G1,e03357_C,C,e03357_C_20240509,20240509,12S MiFish,Julianna Cornett,Qiagen Multiplex Plus,no,yes,1st: 1.8x left
e03358,2023,NBS,sample,32_2024,H1,e03358_C,C,e03358_C_20240509,20240509,12S MiFish,Julianna Cornett,Qiagen Multiplex Plus,no,yes,1st: 1.8x left
NC_1,2023,NBS,pcr_blank,NA,NA,NC_1_C,C,NC_1_C_20240509,20240509,12S MiFish,Julianna Cornett,Qiagen Multiplex Plus,no,yes,1st: 1.8x left
e03359,2023,NBS,sample,32_2024,B2,e03359_C,C,e03359_C_20240509,20240509,12S MiFish,Julianna Cornett,Qiagen Multiplex Plus,no,yes,1st: 1.8x left
e03360,2023,NBS,sample,32_2024,C2,e03360_C,C,e03360_C_20240509,20240509,12S MiFish,Julianna Cornett,Qiagen Multiplex Plus,no,yes,1st: 1.8x left
e03361,2023,NBS,sample,32_2024,D2,e03361_C,C,e03361_C_20240509,20240509,12S MiFish,Julianna Cornett,Qiagen Multiplex Plus,no,yes,1st: 1.8x left
e03362,2023,NBS,sample,32_2024,E2,e03362_C,C,e03362_C_20240509,20240509,12S MiFish,Julianna Cornett,Qiagen Multiplex Plus,no,yes,1st: 1.8x left
e03363,2023,NBS,sample,32_2024,F2,e03363_C,C,e03363_C_20240509,20240509,12S MiFish,Julianna Cornett,Qiagen Multiplex Plus,no,yes,1st: 1.8x left
e03364,2023,NBS,sample,32_2024,G2,e03364_C,C,e03364_C_20240509,20240509,12S MiFish,Julianna Cornett,Qiagen Multiplex Plus,no,yes,1st: 1.8x left
e03365,2023,NBS,sample,32_2024,H2,e03365_C,C,e03365_C_20240509,20240509,12S MiFish,Julianna Cornett,Qiagen Multiplex Plus,no,yes,1st: 1.8x left
e03366,2023,NBS,sample,32_2024,A3,e03366_C,C,e03366_C_20240509,20240509,12S MiFish,Julianna Cornett,Qiagen Multiplex Plus,no,yes,1st: 1.8x left
e03367,2023,NBS,sample,32_2024,B3,e03367_C,C,e03367_C_20240509,20240509,12S MiFish,Julianna Cornett,Qiagen Multiplex Plus,no,yes,1st: 1.8x left
e03368,2023,NBS,sample,32_2024,C3,e03368_C,C,e03368_C_20240509,20240509,12S MiFish,Julianna Cornett,Qiagen Multiplex Plus,no,yes,1st: 1.8x left
e03369,2023,NBS,sample,32_2024,D3,e03369_C,C,e03369_C_20240509,20240509,12S MiFish,Julianna Cornett,Qiagen Multiplex Plus,no,yes,1st: 1.8x left
e03370,2023,NBS,sample,32_2024,E3,e03370_C,C,e03370_C_20240509,20240509,12S MiFish,Julianna Cornett,Qiagen Multiplex Plus,no,yes,1st: 1.8x left
e03371,2023,NBS,sample,32_2024,F3,e03371_C,C,e03371_C_20240509,20240509,12S MiFish,Julianna Cornett,Qiagen Multiplex Plus,no,yes,1st: 1.8x left
e03372,2023,NBS,sample,32_2024,G3,e03372_C,C,e03372_C_20240509,20240509,12S MiFish,Julianna Cornett,Qiagen Multiplex Plus,no,yes,1st: 1.8x left
NC_2,2023,NBS,pcr_blank,NA,NA,NC_2_C,C,NC_2_C_20240509,20240509,12S MiFish,Julianna Cornett,Qiagen Multiplex Plus,no,yes,1st: 1.8x left
e03373,2023,NBS,field_blank,32_2024,A4,e03373_C,C,e03373_C_20240509,20240509,12S MiFish,Julianna Cornett,Qiagen Multiplex Plus,no,yes,1st: 1.8x left
e03374,2023,NBS,sample,32_2024,B4,e03374_C,C,e03374_C_20240509,20240509,12S MiFish,Julianna Cornett,Qiagen Multiplex Plus,no,yes,1st: 1.8x left
e03375,2023,NBS,sample,32_2024,C4,e03375_C,C,e03375_C_20240509,20240509,12S MiFish,Julianna Cornett,Qiagen Multiplex Plus,no,yes,1st: 1.8x left
e03376,2023,NBS,sample,32_2024,D4,e03376_C,C,e03376_C_20240509,20240509,12S MiFish,Julianna Cornett,Qiagen Multiplex Plus,no,yes,1st: 1.8x left
e03377,2023,NBS,sample,32_2024,E4,e03377_C,C,e03377_C_20240509,20240509,12S MiFish,Julianna Cornett,Qiagen Multiplex Plus,no,yes,1st: 1.8x left
e03378,2023,NBS,sample,32_2024,F4,e03378_C,C,e03378_C_20240509,20240509,12S MiFish,Julianna Cornett,Qiagen Multiplex Plus,no,yes,1st: 1.8x left
e03379,2023,NBS,sample,32_2024,G4,e03379_C,C,e03379_C_20240509,20240509,12S MiFish,Julianna Cornett,Qiagen Multiplex Plus,no,yes,1st: 1.8x left
e03380,2023,NBS,field_blank,32_2024,H4,e03380_C,C,e03380_C_20240509,20240509,12S MiFish,Julianna Cornett,Qiagen Multiplex Plus,no,yes,1st: 1.8x left
e03381,2023,NBS,sample,32_2024,A5,e03381_C,C,e03381_C_20240509,20240509,12S MiFish,Julianna Cornett,Qiagen Multiplex Plus,no,yes,1st: 1.8x left
e03382,2023,NBS,sample,32_2024,B5,e03382_C,C,e03382_C_20240509,20240509,12S MiFish,Julianna Cornett,Qiagen Multiplex Plus,no,yes,1st: 1.8x left
e03383,2023,NBS,sample,32_2024,C5,e03383_C,C,e03383_C_20240509,20240509,12S MiFish,Julianna Cornett,Qiagen Multiplex Plus,no,yes,1st: 1.8x left
NC_3,2023,NBS,pcr_blank,32_2024,D5,NC_3_C,C,NC_3_C_20240509,20240509,12S MiFish,Julianna Cornett,Qiagen Multiplex Plus,no,yes,1st: 1.8x left
e03384,2023,NBS,sample,32_2024,E5,e03384_C,C,e03384_C_20240509,20240509,12S MiFish,Julianna Cornett,Qiagen Multiplex Plus,no,yes,1st: 1.8x left
e03385,2023,NBS,sample,32_2024,F5,e03385_C,C,e03385_C_20240509,20240509,12S MiFish,Julianna Cornett,Qiagen Multiplex Plus,no,yes,1st: 1.8x left
e03386,2023,NBS,sample,32_2024,G5,e03386_C,C,e03386_C_20240509,20240509,12S MiFish,Julianna Cornett,Qiagen Multiplex Plus,no,yes,1st: 1.8x left
e03387,2023,NBS,sample,32_2024,H5,e03387_C,C,e03387_C_20240509,20240509,12S MiFish,Julianna Cornett,Qiagen Multiplex Plus,no,yes,1st: 1.8x left
e03388,2023,NBS,sample,32_2024,A6,e03388_C,C,e03388_C_20240509,20240509,12S MiFish,Julianna Cornett,Qiagen Multiplex Plus,no,yes,1st: 1.8x left
e03389,2023,NBS,sample,32_2024,B6,e03389_C,C,e03389_C_20240509,20240509,12S MiFish,Julianna Cornett,Qiagen Multiplex Plus,no,yes,1st: 1.8x left
e03390,2023,NBS,field_blank,32_2024,C6,e03390_C,C,e03390_C_20240509,20240509,12S MiFish,Julianna Cornett,Qiagen Multiplex Plus,no,yes,1st: 1.8x left
e03391,2023,NBS,sample,32_2024,D6,e03391_C,C,e03391_C_20240509,20240509,12S MiFish,Julianna Cornett,Qiagen Multiplex Plus,no,yes,1st: 1.8x left
e03392,2023,NBS,sample,32_2024,E6,e03392_C,C,e03392_C_20240509,20240509,12S MiFish,Julianna Cornett,Qiagen Multiplex Plus,no,yes,1st: 1.8x left
e03393,2023,NBS,sample,32_2024,F6,e03393_C,C,e03393_C_20240509,20240509,12S MiFish,Julianna Cornett,Qiagen Multiplex Plus,no,yes,1st: 1.8x left
e03394,2023,NBS,sample,32_2024,G6,e03394_C,C,e03394_C_20240509,20240509,12S MiFish,Julianna Cornett,Qiagen Multiplex Plus,no,yes,1st: 1.8x left
e03395,2023,NBS,sample,32_2024,H6,e03395_C,C,e03395_C_20240509,20240509,12S MiFish,Julianna Cornett,Qiagen Multiplex Plus,no,yes,1st: 1.8x left
NC_4,2023,NBS,pcr_blank,32_2024,A7,NC_4_C,C,NC_4_C_20240509,20240509,12S MiFish,Julianna Cornett,Qiagen Multiplex Plus,no,yes,1st: 1.8x left
e03396,2023,NBS,sample,32_2024,B7,e03396_C,C,e03396_C_20240509,20240509,12S MiFish,Julianna Cornett,Qiagen Multiplex Plus,no,yes,1st: 1.8x left
e03397,2023,NBS,field_blank,32_2024,C7,e03397_C,C,e03397_C_20240509,20240509,12S MiFish,Julianna Cornett,Qiagen Multiplex Plus,no,yes,1st: 1.8x left
e03398,2023,NBS,sample,32_2024,D7,e03398_C,C,e03398_C_20240509,20240509,12S MiFish,Julianna Cornett,Qiagen Multiplex Plus,no,yes,1st: 1.8x left
e03399,2023,NBS,sample,32_2024,E7,e03399_C,C,e03399_C_20240509,20240509,12S MiFish,Julianna Cornett,Qiagen Multiplex Plus,no,yes,1st: 1.8x left
e03400,2023,NBS,sample,32_2024,F7,e03400_C,C,e03400_C_20240509,20240509,12S MiFish,Julianna Cornett,Qiagen Multiplex Plus,no,yes,1st: 1.8x left
e03401,2023,NBS,sample,32_2024,G7,e03401_C,C,e03401_C_20240509,20240509,12S MiFish,Julianna Cornett,Qiagen Multiplex Plus,no,yes,1st: 1.8x left
e03402,2023,NBS,sample,32_2024,H7,e03402_C,C,e03402_C_20240509,20240509,12S MiFish,Julianna Cornett,Qiagen Multiplex Plus,no,yes,1st: 1.8x left
e03403,2023,NBS,sample,32_2024,A8,e03403_C,C,e03403_C_20240509,20240509,12S MiFish,Julianna Cornett,Qiagen Multiplex Plus,no,yes,1st: 1.8x left
e03404,2023,NBS,sample,32_2024,B8,e03404_C,C,e03404_C_20240509,20240509,12S MiFish,Julianna Cornett,Qiagen Multiplex Plus,no,yes,1st: 1.8x left
e03405,2023,NBS,sample,32_2024,C8,e03405_C,C,e03405_C_20240509,20240509,12S MiFish,Julianna Cornett,Qiagen Multiplex Plus,no,yes,1st: 1.8x left
e03406,2023,NBS,sample,32_2024,D8,e03406_C,C,e03406_C_20240509,20240509,12S MiFish,Julianna Cornett,Qiagen Multiplex Plus,no,yes,1st: 1.8x left
e03407,2023,NBS,sample,32_2024,E8,e03407_C,C,e03407_C_20240509,20240509,12S MiFish,Julianna Cornett,Qiagen Multiplex Plus,no,yes,1st: 1.8x left
e03408,2023,NBS,sample,32_2024,F8,e03408_C,C,e03408_C_20240509,20240509,12S MiFish,Julianna Cornett,Qiagen Multiplex Plus,no,yes,1st: 1.8x left
e03409,2023,NBS,sample,32_2024,G8,e03409_C,C,e03409_C_20240509,20240509,12S MiFish,Julianna Cornett,Qiagen Multiplex Plus,no,yes,1st: 1.8x left
NC_5,2023,NBS,pcr_blank,32_2024,H8,NC_5_C,C,NC_5_C_20240509,20240509,12S MiFish,Julianna Cornett,Qiagen Multiplex Plus,no,yes,1st: 1.8x left
e03410,2023,NBS,sample,32_2024,A9,e03410_C,C,e03410_C_20240509,20240509,12S MiFish,Julianna Cornett,Qiagen Multiplex Plus,no,yes,1st: 1.8x left
e03411,2023,NBS,sample,32_2024,B9,e03411_C,C,e03411_C_20240509,20240509,12S MiFish,Julianna Cornett,Qiagen Multiplex Plus,no,yes,1st: 1.8x left
e03412,2023,NBS,sample,32_2024,C9,e03412_C,C,e03412_C_20240509,20240509,12S MiFish,Julianna Cornett,Qiagen Multiplex Plus,no,yes,1st: 1.8x left
e03413,2023,NBS,field_blank,32_2024,D9,e03413_C,C,e03413_C_20240509,20240509,12S MiFish,Julianna Cornett,Qiagen Multiplex Plus,no,yes,1st: 1.8x left
e03414,2023,NBS,sample,32_2024,E9,e03414_C,C,e03414_C_20240509,20240509,12S MiFish,Julianna Cornett,Qiagen Multiplex Plus,no,yes,1st: 1.8x left
e03415,2023,NBS,sample,32_2024,F9,e03415_C,C,e03415_C_20240509,20240509,12S MiFish,Julianna Cornett,Qiagen Multiplex Plus,no,yes,1st: 1.8x left
e03416,2023,NBS,sample,32_2024,G9,e03416_C,C,e03416_C_20240509,20240509,12S MiFish,Julianna Cornett,Qiagen Multiplex Plus,no,yes,1st: 1.8x left
e03417,2023,NBS,sample,32_2024,H9,e03417_C,C,e03417_C_20240509,20240509,12S MiFish,Julianna Cornett,Qiagen Multiplex Plus,no,yes,1st: 1.8x left
e03418,2023,NBS,sample,32_2024,A10,e03418_C,C,e03418_C_20240509,20240509,12S MiFish,Julianna Cornett,Qiagen Multiplex Plus,no,yes,1st: 1.8x left
e03419,2023,NBS,sample,32_2024,B10,e03419_C,C,e03419_C_20240509,20240509,12S MiFish,Julianna Cornett,Qiagen Multiplex Plus,no,yes,1st: 1.8x left
e03420,2023,NBS,field_blank,32_2024,C10,e03420_C,C,e03420_C_20240509,20240509,12S MiFish,Julianna Cornett,Qiagen Multiplex Plus,no,yes,1st: 1.8x left
NC_6,2023,NBS,pcr_blank,32_2024,D10,NC_6_C,C,NC_6_C_20240509,20240509,12S MiFish,Julianna Cornett,Qiagen Multiplex Plus,no,yes,1st: 1.8x left
e03421,2023,NBS,sample,32_2024,E10,e03421_C,C,e03421_C_20240509,20240509,12S MiFish,Julianna Cornett,Qiagen Multiplex Plus,no,yes,1st: 1.8x left
e03422,2023,NBS,sample,32_2024,F10,e03422_C,C,e03422_C_20240509,20240509,12S MiFish,Julianna Cornett,Qiagen Multiplex Plus,no,yes,1st: 1.8x left
e03423,2023,NBS,sample,32_2024,G10,e03423_C,C,e03423_C_20240509,20240509,12S MiFish,Julianna Cornett,Qiagen Multiplex Plus,no,yes,1st: 1.8x left
e03424,2023,NBS,sample,32_2024,H10,e03424_C,C,e03424_C_20240509,20240509,12S MiFish,Julianna Cornett,Qiagen Multiplex Plus,no,yes,1st: 1.8x left
e03425,2023,NBS,sample,32_2024,A11,e03425_C,C,e03425_C_20240509,20240509,12S MiFish,Julianna Cornett,Qiagen Multiplex Plus,no,yes,1st: 1.8x left
e03426,2023,NBS,sample,32_2024,B11,e03426_C,C,e03426_C_20240509,20240509,12S MiFish,Julianna Cornett,Qiagen Multiplex Plus,no,yes,1st: 1.8x left
e03427,2023,NBS,sample,32_2024,C11,e03427_C,C,e03427_C_20240509,20240509,12S MiFish,Julianna Cornett,Qiagen Multiplex Plus,no,yes,1st: 1.8x left
e03428,2023,NBS,sample,32_2024,D11,e03428_C,C,e03428_C_20240509,20240509,12S MiFish,Julianna Cornett,Qiagen Multiplex Plus,no,yes,1st: 1.8x left
e03429,2023,NBS,sample,32_2024,E11,e03429_C,C,e03429_C_20240509,20240509,12S MiFish,Julianna Cornett,Qiagen Multiplex Plus,no,yes,1st: 1.8x left
e03430,2023,NBS,sample,32_2024,F11,e03430_C,C,e03430_C_20240509,20240509,12S MiFish,Julianna Cornett,Qiagen Multiplex Plus,no,yes,1st: 1.8x left
e03431,2023,NBS,sample,32_2024,G11,e03431_C,C,e03431_C_20240509,20240509,12S MiFish,Julianna Cornett,Qiagen Multiplex Plus,no,yes,1st: 1.8x left
e03432,2023,NBS,sample,32_2024,H11,e03432_C,C,e03432_C_20240509,20240509,12S MiFish,Julianna Cornett,Qiagen Multiplex Plus,no,yes,1st: 1.8x left
NC_7,2023,NBS,pcr_blank,32_2024,A12,NC_7_C,C,NC_7_C_20240509,20240509,12S MiFish,Julianna Cornett,Qiagen Multiplex Plus,no,yes,1st: 1.8x left
e03433,2023,NBS,field_blank,32_2024,B12,e03433_C,C,e03433_C_20240509,20240509,12S MiFish,Julianna Cornett,Qiagen Multiplex Plus,no,yes,1st: 1.8x left
e03434,2023,NBS,sample,32_2024,C12,e03434_C,C,e03434_C_20240509,20240509,12S MiFish,Julianna Cornett,Qiagen Multiplex Plus,no,yes,1st: 1.8x left
e03435,2023,NBS,sample,32_2024,D12,e03435_C,C,e03435_C_20240509,20240509,12S MiFish,Julianna Cornett,Qiagen Multiplex Plus,no,yes,1st: 1.8x left
e03436,2023,NBS,sample,32_2024,E12,e03436_C,C,e03436_C_20240509,20240509,12S MiFish,Julianna Cornett,Qiagen Multiplex Plus,no,yes,1st: 1.8x left
e03437,2023,NBS,sample,32_2024,F12,e03437_C,C,e03437_C_20240509,20240509,12S MiFish,Julianna Cornett,Qiagen Multiplex Plus,no,yes,1st: 1.8x left
e03438,2023,NBS,sample,32_2024,G12,e03438_C,C,e03438_C_20240509,20240509,12S MiFish,Julianna Cornett,Qiagen Multiplex Plus,no,yes,1st: 1.8x left
PC,2023,NBS,positive,NA,NA,PC_C,C,PC_C_20240509,20240509,12S MiFish,Julianna Cornett,Qiagen Multiplex Plus,yes,yes,1st: 1.8x left
e03439,2023,NBS,sample,33_2024,A1,e03439_D,D,e03439_D_20240509,20240509,12S MiFish,Julianna Cornett,Qiagen Multiplex Plus,no,yes,1st: 1.8x left
e03440,2023,NBS,sample,33_2024,B1,e03440_D,D,e03440_D_20240509,20240509,12S MiFish,Julianna Cornett,Qiagen Multiplex Plus,no,yes,1st: 1.8x left
e03441,2023,NBS,sample,33_2024,C1,e03441_D,D,e03441_D_20240509,20240509,12S MiFish,Julianna Cornett,Qiagen Multiplex Plus,no,yes,1st: 1.8x left
e03442,2023,NBS,sample,33_2024,D1,e03442_D,D,e03442_D_20240509,20240509,12S MiFish,Julianna Cornett,Qiagen Multiplex Plus,no,yes,1st: 1.8x left
e03443,2023,NBS,sample,33_2024,E1,e03443_D,D,e03443_D_20240509,20240509,12S MiFish,Julianna Cornett,Qiagen Multiplex Plus,no,yes,1st: 1.8x left
e03444,2023,NBS,sample,33_2024,F1,e03444_D,D,e03444_D_20240509,20240509,12S MiFish,Julianna Cornett,Qiagen Multiplex Plus,no,yes,1st: 1.8x left
e03445,2023,NBS,sample,33_2024,G1,e03445_D,D,e03445_D_20240509,20240509,12S MiFish,Julianna Cornett,Qiagen Multiplex Plus,no,yes,1st: 1.8x left
e03446,2023,NBS,sample,33_2024,H1,e03446_D,D,e03446_D_20240509,20240509,12S MiFish,Julianna Cornett,Qiagen Multiplex Plus,no,yes,1st: 1.8x left
NC_1,2023,NBS,pcr_blank,33_2024,A2,NC_1_D,D,NC_1_D_20240509,20240509,12S MiFish,Julianna Cornett,Qiagen Multiplex Plus,no,yes,1st: 1.8x left
e03447,2023,NBS,sample,33_2024,B2,e03447_D,D,e03447_D_20240509,20240509,12S MiFish,Julianna Cornett,Qiagen Multiplex Plus,no,yes,1st: 1.8x left
e03448,2023,NBS,sample,33_2024,C2,e03448_D,D,e03448_D_20240509,20240509,12S MiFish,Julianna Cornett,Qiagen Multiplex Plus,no,yes,1st: 1.8x left
e03449,2023,NBS,field_blank,33_2024,D2,e03449_D,D,e03449_D_20240509,20240509,12S MiFish,Julianna Cornett,Qiagen Multiplex Plus,no,yes,1st: 1.8x left
e03450,2023,NBS,sample,33_2024,E2,e03450_D,D,e03450_D_20240509,20240509,12S MiFish,Julianna Cornett,Qiagen Multiplex Plus,no,yes,1st: 1.8x left
e03451,2023,NBS,sample,33_2024,F2,e03451_D,D,e03451_D_20240509,20240509,12S MiFish,Julianna Cornett,Qiagen Multiplex Plus,no,yes,1st: 1.8x left
e03452,2023,NBS,sample,33_2024,G2,e03452_D,D,e03452_D_20240509,20240509,12S MiFish,Julianna Cornett,Qiagen Multiplex Plus,no,yes,1st: 1.8x left
e03453,2023,NBS,sample,33_2024,H2,e03453_D,D,e03453_D_20240509,20240509,12S MiFish,Julianna Cornett,Qiagen Multiplex Plus,no,yes,1st: 1.8x left
e03454,2023,NBS,sample,33_2024,A3,e03454_D,D,e03454_D_20240509,20240509,12S MiFish,Julianna Cornett,Qiagen Multiplex Plus,no,yes,1st: 1.8x left
e03455,2023,NBS,sample,33_2024,B3,e03455_D,D,e03455_D_20240509,20240509,12S MiFish,Julianna Cornett,Qiagen Multiplex Plus,no,yes,1st: 1.8x left
e03456,2023,NBS,sample,33_2024,C3,e03456_D,D,e03456_D_20240509,20240509,12S MiFish,Julianna Cornett,Qiagen Multiplex Plus,no,yes,1st: 1.8x left
e03457,2023,NBS,sample,33_2024,D3,e03457_D,D,e03457_D_20240509,20240509,12S MiFish,Julianna Cornett,Qiagen Multiplex Plus,no,yes,1st: 1.8x left
e03458,2023,NBS,sample,33_2024,E3,e03458_D,D,e03458_D_20240509,20240509,12S MiFish,Julianna Cornett,Qiagen Multiplex Plus,no,yes,1st: 1.8x left
e03459,2023,NBS,field_blank,33_2024,F3,e03459_D,D,e03459_D_20240509,20240509,12S MiFish,Julianna Cornett,Qiagen Multiplex Plus,no,yes,1st: 1.8x left
e03460,2023,NBS,sample,33_2024,G3,e03460_D,D,e03460_D_20240509,20240509,12S MiFish,Julianna Cornett,Qiagen Multiplex Plus,no,yes,1st: 1.8x left
NC_2,2023,NBS,pcr_blank,33_2024,H3,NC_2_D,D,NC_2_D_20240509,20240509,12S MiFish,Julianna Cornett,Qiagen Multiplex Plus,no,yes,1st: 1.8x left
e03461,2023,NBS,sample,33_2024,A4,e03461_D,D,e03461_D_20240509,20240509,12S MiFish,Julianna Cornett,Qiagen Multiplex Plus,no,yes,1st: 1.8x left
e03462,2023,NBS,sample,33_2024,B4,e03462_D,D,e03462_D_20240509,20240509,12S MiFish,Julianna Cornett,Qiagen Multiplex Plus,no,yes,1st: 1.8x left
e03463,2023,NBS,sample,33_2024,C4,e03463_D,D,e03463_D_20240509,20240509,12S MiFish,Julianna Cornett,Qiagen Multiplex Plus,no,yes,1st: 1.8x left
e03464,2023,NBS,sample,33_2024,D4,e03464_D,D,e03464_D_20240509,20240509,12S MiFish,Julianna Cornett,Qiagen Multiplex Plus,no,yes,1st: 1.8x left
e03465,2023,NBS,sample,33_2024,E4,e03465_D,D,e03465_D_20240509,20240509,12S MiFish,Julianna Cornett,Qiagen Multiplex Plus,no,yes,1st: 1.8x left
NC_3,2023,NBS,pcr_blank,33_2024,F4,NC_3_D,D,NC_3_D_20240509,20240509,12S MiFish,Julianna Cornett,Qiagen Multiplex Plus,no,yes,1st: 1.8x left
e03467,2023,NBS,sample,33_2024,G4,e03467_D,D,e03467_D_20240509,20240509,12S MiFish,Julianna Cornett,Qiagen Multiplex Plus,no,yes,1st: 1.8x left
e03468,2023,NBS,sample,33_2024,H4,e03468_D,D,e03468_D_20240509,20240509,12S MiFish,Julianna Cornett,Qiagen Multiplex Plus,no,yes,1st: 1.8x left
e03469,2023,NBS,sample,33_2024,A5,e03469_D,D,e03469_D_20240509,20240509,12S MiFish,Julianna Cornett,Qiagen Multiplex Plus,no,yes,1st: 1.8x left
e03470,2023,NBS,sample,33_2024,B5,e03470_D,D,e03470_D_20240509,20240509,12S MiFish,Julianna Cornett,Qiagen Multiplex Plus,no,yes,1st: 1.8x left
e03471,2023,NBS,sample,33_2024,C5,e03471_D,D,e03471_D_20240509,20240509,12S MiFish,Julianna Cornett,Qiagen Multiplex Plus,no,yes,1st: 1.8x left
NC_4,2023,NBS,pcr_blank,33_2024,D5,NC_4_D,D,NC_4_D_20240509,20240509,12S MiFish,Julianna Cornett,Qiagen Multiplex Plus,no,yes,1st: 1.8x left
e03472,2023,NBS,sample,33_2024,E5,e03472_D,D,e03472_D_20240509,20240509,12S MiFish,Julianna Cornett,Qiagen Multiplex Plus,no,yes,1st: 1.8x left
e03473,2023,NBS,sample,33_2024,F5,e03473_D,D,e03473_D_20240509,20240509,12S MiFish,Julianna Cornett,Qiagen Multiplex Plus,no,yes,1st: 1.8x left
e03474,2023,NBS,sample,33_2024,G5,e03474_D,D,e03474_D_20240509,20240509,12S MiFish,Julianna Cornett,Qiagen Multiplex Plus,no,yes,1st: 1.8x left
e03475,2023,NBS,sample,33_2024,H5,e03475_D,D,e03475_D_20240509,20240509,12S MiFish,Julianna Cornett,Qiagen Multiplex Plus,no,yes,1st: 1.8x left
e03476,2023,NBS,field_blank,33_2024,A6,e03476_D,D,e03476_D_20240509,20240509,12S MiFish,Julianna Cornett,Qiagen Multiplex Plus,no,yes,1st: 1.8x left
e03477,2023,NBS,sample,33_2024,B6,e03477_D,D,e03477_D_20240509,20240509,12S MiFish,Julianna Cornett,Qiagen Multiplex Plus,no,yes,1st: 1.8x left
e03478,2023,NBS,sample,33_2024,C6,e03478_D,D,e03478_D_20240509,20240509,12S MiFish,Julianna Cornett,Qiagen Multiplex Plus,no,yes,1st: 1.8x left
e03479,2023,NBS,sample,33_2024,D6,e03479_D,D,e03479_D_20240509,20240509,12S MiFish,Julianna Cornett,Qiagen Multiplex Plus,no,yes,1st: 1.8x left
e03480,2023,NBS,sample,33_2024,E6,e03480_D,D,e03480_D_20240509,20240509,12S MiFish,Julianna Cornett,Qiagen Multiplex Plus,no,yes,1st: 1.8x left
e03481,2023,NBS,sample,33_2024,F6,e03481_D,D,e03481_D_20240509,20240509,12S MiFish,Julianna Cornett,Qiagen Multiplex Plus,no,yes,1st: 1.8x left
e03482,2023,NBS,sample,33_2024,G6,e03482_D,D,e03482_D_20240509,20240509,12S MiFish,Julianna Cornett,Qiagen Multiplex Plus,no,yes,1st: 1.8x left
e03483,2023,NBS,field_blank,33_2024,H6,e03483_D,D,e03483_D_20240509,20240509,12S MiFish,Julianna Cornett,Qiagen Multiplex Plus,no,yes,1st: 1.8x left
NC_5,2023,NBS,pcr_blank,33_2024,A7,NC_5_D,D,NC_5_D_20240509,20240509,12S MiFish,Julianna Cornett,Qiagen Multiplex Plus,no,yes,1st: 1.8x left
e03484,2023,NBS,sample,33_2024,B7,e03484_D,D,e03484_D_20240509,20240509,12S MiFish,Julianna Cornett,Qiagen Multiplex Plus,no,yes,1st: 1.8x left
e03485,2023,NBS,sample,33_2024,C7,e03485_D,D,e03485_D_20240509,20240509,12S MiFish,Julianna Cornett,Qiagen Multiplex Plus,no,yes,1st: 1.8x left
e03486,2023,NBS,sample,33_2024,D7,e03486_D,D,e03486_D_20240509,20240509,12S MiFish,Julianna Cornett,Qiagen Multiplex Plus,no,yes,1st: 1.8x left
e03487,2023,NBS,sample,33_2024,E7,e03487_D,D,e03487_D_20240509,20240509,12S MiFish,Julianna Cornett,Qiagen Multiplex Plus,no,yes,1st: 1.8x left
e03488,2023,NBS,sample,33_2024,F7,e03488_D,D,e03488_D_20240509,20240509,12S MiFish,Julianna Cornett,Qiagen Multiplex Plus,no,yes,1st: 1.8x left
e03489,2023,NBS,sample,33_2024,G7,e03489_D,D,e03489_D_20240509,20240509,12S MiFish,Julianna Cornett,Qiagen Multiplex Plus,no,yes,1st: 1.8x left
e03490,2023,NBS,sample,33_2024,H7,e03490_D,D,e03490_D_20240509,20240509,12S MiFish,Julianna Cornett,Qiagen Multiplex Plus,no,yes,1st: 1.8x left
e03491,2023,NBS,sample,33_2024,A8,e03491_D,D,e03491_D_20240509,20240509,12S MiFish,Julianna Cornett,Qiagen Multiplex Plus,no,yes,1st: 1.8x left
e03492,2023,NBS,sample,33_2024,B8,e03492_D,D,e03492_D_20240509,20240509,12S MiFish,Julianna Cornett,Qiagen Multiplex Plus,no,yes,1st: 1.8x left
e03493,2023,NBS,field_blank,33_2024,C8,e03493_D,D,e03493_D_20240509,20240509,12S MiFish,Julianna Cornett,Qiagen Multiplex Plus,no,yes,1st: 1.8x left
e03494,2023,NBS,sample,33_2024,D8,e03494_D,D,e03494_D_20240509,20240509,12S MiFish,Julianna Cornett,Qiagen Multiplex Plus,no,yes,1st: 1.8x left
e03495,2023,NBS,sample,33_2024,E8,e03495_D,D,e03495_D_20240509,20240509,12S MiFish,Julianna Cornett,Qiagen Multiplex Plus,no,yes,1st: 1.8x left
e03496,2023,NBS,sample,33_2024,F8,e03496_D,D,e03496_D_20240509,20240509,12S MiFish,Julianna Cornett,Qiagen Multiplex Plus,no,yes,1st: 1.8x left
e03497,2023,NBS,sample,33_2024,G8,e03497_D,D,e03497_D_20240509,20240509,12S MiFish,Julianna Cornett,Qiagen Multiplex Plus,no,yes,1st: 1.8x left
NC_6,2023,NBS,pcr_blank,33_2024,H8,NC_6_D,D,NC_6_D_20240509,20240509,12S MiFish,Julianna Cornett,Qiagen Multiplex Plus,no,yes,1st: 1.8x left
e03498,2023,NBS,sample,33_2024,A9,e03498_D,D,e03498_D_20240509,20240509,12S MiFish,Julianna Cornett,Qiagen Multiplex Plus,no,yes,1st: 1.8x left
e03499,2023,NBS,sample,33_2024,B9,e03499_D,D,e03499_D_20240509,20240509,12S MiFish,Julianna Cornett,Qiagen Multiplex Plus,no,yes,1st: 1.8x left
e03500,2023,NBS,field_blank,33_2024,C9,e03500_D,D,e03500_D_20240509,20240509,12S MiFish,Julianna Cornett,Qiagen Multiplex Plus,no,yes,1st: 1.8x left
e03501,2023,NBS,sample,33_2024,D9,e03501_D,D,e03501_D_20240509,20240509,12S MiFish,Julianna Cornett,Qiagen Multiplex Plus,no,yes,1st: 1.8x left
e03502,2023,NBS,sample,33_2024,E9,e03502_D,D,e03502_D_20240509,20240509,12S MiFish,Julianna Cornett,Qiagen Multiplex Plus,no,yes,1st: 1.8x left
e03503,2023,NBS,sample,33_2024,F9,e03503_D,D,e03503_D_20240509,20240509,12S MiFish,Julianna Cornett,Qiagen Multiplex Plus,no,yes,1st: 1.8x left
e03504,2023,NBS,sample,33_2024,G9,e03504_D,D,e03504_D_20240509,20240509,12S MiFish,Julianna Cornett,Qiagen Multiplex Plus,no,yes,1st: 1.8x left
e03505,2023,NBS,sample,33_2024,H9,e03505_D,D,e03505_D_20240509,20240509,12S MiFish,Julianna Cornett,Qiagen Multiplex Plus,no,yes,1st: 1.8x left
e03506,2023,NBS,sample,33_2024,A10,e03506_D,D,e03506_D_20240509,20240509,12S MiFish,Julianna Cornett,Qiagen Multiplex Plus,no,yes,1st: 1.8x left
e03507,2023,NBS,sample,33_2024,B10,e03507_D,D,e03507_D_20240509,20240509,12S MiFish,Julianna Cornett,Qiagen Multiplex Plus,no,yes,1st: 1.8x left
e03508,2023,NBS,sample,33_2024,C10,e03508_D,D,e03508_D_20240509,20240509,12S MiFish,Julianna Cornett,Qiagen Multiplex Plus,no,yes,1st: 1.8x left
NC_7,2023,NBS,pcr_blank,33_2024,D10,NC_7_D,D,NC_7_D_20240509,20240509,12S MiFish,Julianna Cornett,Qiagen Multiplex Plus,no,yes,1st: 1.8x left
e03509,2023,NBS,sample,33_2024,E10,e03509_D,D,e03509_D_20240509,20240509,12S MiFish,Julianna Cornett,Qiagen Multiplex Plus,no,yes,1st: 1.8x left
e03510,2023,NBS,field_blank,33_2024,F10,e03510_D,D,e03510_D_20240509,20240509,12S MiFish,Julianna Cornett,Qiagen Multiplex Plus,no,yes,1st: 1.8x left
e03511,2023,NBS,sample,33_2024,G10,e03511_D,D,e03511_D_20240509,20240509,12S MiFish,Julianna Cornett,Qiagen Multiplex Plus,no,yes,1st: 1.8x left
e03512,2023,NBS,sample,33_2024,H10,e03512_D,D,e03512_D_20240509,20240509,12S MiFish,Julianna Cornett,Qiagen Multiplex Plus,no,yes,1st: 1.8x left
e03513,2023,NBS,sample,33_2024,A11,e03513_D,D,e03513_D_20240509,20240509,12S MiFish,Julianna Cornett,Qiagen Multiplex Plus,no,yes,1st: 1.8x left
e03466,2023,NBS,field_blank,33_2024,B11,e03466_D,D,e03466_D_20240509,20240509,12S MiFish,Julianna Cornett,Qiagen Multiplex Plus,no,yes,1st: 1.8x left
PC,2023,NBS,positive,33_2024,C11,PC_D,D,PC_D_20240509,20240509,12S MiFish,Julianna Cornett,Qiagen Multiplex Plus,yes,yes,1st: 1.8x left
e03439,2023,NBS,sample,33_2024,A1,e03439_E,E,e03439_E_20240509,20240509,12S MiFish,Julianna Cornett,Qiagen Multiplex Plus,no,yes,1st: 1.8x left
e03440,2023,NBS,sample,33_2024,B1,e03440_E,E,e03440_E_20240509,20240509,12S MiFish,Julianna Cornett,Qiagen Multiplex Plus,no,yes,1st: 1.8x left
e03441,2023,NBS,sample,33_2024,C1,e03441_E,E,e03441_E_20240509,20240509,12S MiFish,Julianna Cornett,Qiagen Multiplex Plus,no,yes,1st: 1.8x left
e03442,2023,NBS,sample,33_2024,D1,e03442_E,E,e03442_E_20240509,20240509,12S MiFish,Julianna Cornett,Qiagen Multiplex Plus,no,yes,1st: 1.8x left
e03443,2023,NBS,sample,33_2024,E1,e03443_E,E,e03443_E_20240509,20240509,12S MiFish,Julianna Cornett,Qiagen Multiplex Plus,no,yes,1st: 1.8x left
e03444,2023,NBS,sample,33_2024,F1,e03444_E,E,e03444_E_20240509,20240509,12S MiFish,Julianna Cornett,Qiagen Multiplex Plus,no,yes,1st: 1.8x left
e03445,2023,NBS,sample,33_2024,G1,e03445_E,E,e03445_E_20240509,20240509,12S MiFish,Julianna Cornett,Qiagen Multiplex Plus,no,yes,1st: 1.8x left
e03446,2023,NBS,sample,33_2024,H1,e03446_E,E,e03446_E_20240509,20240509,12S MiFish,Julianna Cornett,Qiagen Multiplex Plus,no,yes,1st: 1.8x left
NC_1,2023,NBS,pcr_blank,33_2024,A2,NC_1_E,E,NC_1_E_20240509,20240509,12S MiFish,Julianna Cornett,Qiagen Multiplex Plus,no,yes,1st: 1.8x left
e03447,2023,NBS,sample,33_2024,B2,e03447_E,E,e03447_E_20240509,20240509,12S MiFish,Julianna Cornett,Qiagen Multiplex Plus,no,yes,1st: 1.8x left
e03448,2023,NBS,sample,33_2024,C2,e03448_E,E,e03448_E_20240509,20240509,12S MiFish,Julianna Cornett,Qiagen Multiplex Plus,no,yes,1st: 1.8x left
e03449,2023,NBS,field_blank,33_2024,D2,e03449_E,E,e03449_E_20240509,20240509,12S MiFish,Julianna Cornett,Qiagen Multiplex Plus,no,yes,1st: 1.8x left
e03450,2023,NBS,sample,33_2024,E2,e03450_E,E,e03450_E_20240509,20240509,12S MiFish,Julianna Cornett,Qiagen Multiplex Plus,no,yes,1st: 1.8x left
e03451,2023,NBS,sample,33_2024,F2,e03451_E,E,e03451_E_20240509,20240509,12S MiFish,Julianna Cornett,Qiagen Multiplex Plus,no,yes,1st: 1.8x left
e03452,2023,NBS,sample,33_2024,G2,e03452_E,E,e03452_E_20240509,20240509,12S MiFish,Julianna Cornett,Qiagen Multiplex Plus,no,yes,1st: 1.8x left
e03453,2023,NBS,sample,33_2024,H2,e03453_E,E,e03453_E_20240509,20240509,12S MiFish,Julianna Cornett,Qiagen Multiplex Plus,no,yes,1st: 1.8x left
e03454,2023,NBS,sample,33_2024,A3,e03454_E,E,e03454_E_20240509,20240509,12S MiFish,Julianna Cornett,Qiagen Multiplex Plus,no,yes,1st: 1.8x left
e03455,2023,NBS,sample,33_2024,B3,e03455_E,E,e03455_E_20240509,20240509,12S MiFish,Julianna Cornett,Qiagen Multiplex Plus,no,yes,1st: 1.8x left
e03456,2023,NBS,sample,33_2024,C3,e03456_E,E,e03456_E_20240509,20240509,12S MiFish,Julianna Cornett,Qiagen Multiplex Plus,no,yes,1st: 1.8x left
e03457,2023,NBS,sample,33_2024,D3,e03457_E,E,e03457_E_20240509,20240509,12S MiFish,Julianna Cornett,Qiagen Multiplex Plus,no,yes,1st: 1.8x left
e03458,2023,NBS,sample,33_2024,E3,e03458_E,E,e03458_E_20240509,20240509,12S MiFish,Julianna Cornett,Qiagen Multiplex Plus,no,yes,1st: 1.8x left
e03459,2023,NBS,field_blank,33_2024,F3,e03459_E,E,e03459_E_20240509,20240509,12S MiFish,Julianna Cornett,Qiagen Multiplex Plus,no,yes,1st: 1.8x left
e03460,2023,NBS,sample,33_2024,G3,e03460_E,E,e03460_E_20240509,20240509,12S MiFish,Julianna Cornett,Qiagen Multiplex Plus,no,yes,1st: 1.8x left
NC_2,2023,NBS,pcr_blank,33_2024,H3,NC_2_E,E,NC_2_E_20240509,20240509,12S MiFish,Julianna Cornett,Qiagen Multiplex Plus,no,yes,1st: 1.8x left
e03461,2023,NBS,sample,33_2024,A4,e03461_E,E,e03461_E_20240509,20240509,12S MiFish,Julianna Cornett,Qiagen Multiplex Plus,no,yes,1st: 1.8x left
e03462,2023,NBS,sample,33_2024,B4,e03462_E,E,e03462_E_20240509,20240509,12S MiFish,Julianna Cornett,Qiagen Multiplex Plus,no,yes,1st: 1.8x left
e03463,2023,NBS,sample,33_2024,C4,e03463_E,E,e03463_E_20240509,20240509,12S MiFish,Julianna Cornett,Qiagen Multiplex Plus,no,yes,1st: 1.8x left
e03464,2023,NBS,sample,33_2024,D4,e03464_E,E,e03464_E_20240509,20240509,12S MiFish,Julianna Cornett,Qiagen Multiplex Plus,no,yes,1st: 1.8x left
e03465,2023,NBS,sample,33_2024,E4,e03465_E,E,e03465_E_20240509,20240509,12S MiFish,Julianna Cornett,Qiagen Multiplex Plus,no,yes,1st: 1.8x left
NC_3,2023,NBS,pcr_blank,33_2024,F4,NC_3_E,E,NC_3_E_20240509,20240509,12S MiFish,Julianna Cornett,Qiagen Multiplex Plus,no,yes,1st: 1.8x left
e03467,2023,NBS,sample,33_2024,G4,e03467_E,E,e03467_E_20240509,20240509,12S MiFish,Julianna Cornett,Qiagen Multiplex Plus,no,yes,1st: 1.8x left
e03468,2023,NBS,sample,33_2024,H4,e03468_E,E,e03468_E_20240509,20240509,12S MiFish,Julianna Cornett,Qiagen Multiplex Plus,no,yes,1st: 1.8x left
e03469,2023,NBS,sample,33_2024,A5,e03469_E,E,e03469_E_20240509,20240509,12S MiFish,Julianna Cornett,Qiagen Multiplex Plus,no,yes,1st: 1.8x left
e03470,2023,NBS,sample,33_2024,B5,e03470_E,E,e03470_E_20240509,20240509,12S MiFish,Julianna Cornett,Qiagen Multiplex Plus,no,yes,1st: 1.8x left
e03471,2023,NBS,sample,33_2024,C5,e03471_E,E,e03471_E_20240509,20240509,12S MiFish,Julianna Cornett,Qiagen Multiplex Plus,no,yes,1st: 1.8x left
NC_4,2023,NBS,pcr_blank,33_2024,D5,NC_4_E,E,NC_4_E_20240509,20240509,12S MiFish,Julianna Cornett,Qiagen Multiplex Plus,no,yes,1st: 1.8x left
e03472,2023,NBS,sample,33_2024,E5,e03472_E,E,e03472_E_20240509,20240509,12S MiFish,Julianna Cornett,Qiagen Multiplex Plus,no,yes,1st: 1.8x left
e03473,2023,NBS,sample,33_2024,F5,e03473_E,E,e03473_E_20240509,20240509,12S MiFish,Julianna Cornett,Qiagen Multiplex Plus,no,yes,1st: 1.8x left
e03474,2023,NBS,sample,33_2024,G5,e03474_E,E,e03474_E_20240509,20240509,12S MiFish,Julianna Cornett,Qiagen Multiplex Plus,no,yes,1st: 1.8x left
e03475,2023,NBS,sample,33_2024,H5,e03475_E,E,e03475_E_20240509,20240509,12S MiFish,Julianna Cornett,Qiagen Multiplex Plus,no,yes,1st: 1.8x left
e03476,2023,NBS,field_blank,33_2024,A6,e03476_E,E,e03476_E_20240509,20240509,12S MiFish,Julianna Cornett,Qiagen Multiplex Plus,no,yes,1st: 1.8x left
e03477,2023,NBS,sample,33_2024,B6,e03477_E,E,e03477_E_20240509,20240509,12S MiFish,Julianna Cornett,Qiagen Multiplex Plus,no,yes,1st: 1.8x left
e03478,2023,NBS,sample,33_2024,C6,e03478_E,E,e03478_E_20240509,20240509,12S MiFish,Julianna Cornett,Qiagen Multiplex Plus,no,yes,1st: 1.8x left
e03479,2023,NBS,sample,33_2024,D6,e03479_E,E,e03479_E_20240509,20240509,12S MiFish,Julianna Cornett,Qiagen Multiplex Plus,no,yes,1st: 1.8x left
e03480,2023,NBS,sample,33_2024,E6,e03480_E,E,e03480_E_20240509,20240509,12S MiFish,Julianna Cornett,Qiagen Multiplex Plus,no,yes,1st: 1.8x left
e03481,2023,NBS,sample,33_2024,F6,e03481_E,E,e03481_E_20240509,20240509,12S MiFish,Julianna Cornett,Qiagen Multiplex Plus,no,yes,1st: 1.8x left
e03482,2023,NBS,sample,33_2024,G6,e03482_E,E,e03482_E_20240509,20240509,12S MiFish,Julianna Cornett,Qiagen Multiplex Plus,no,yes,1st: 1.8x left
e03483,2023,NBS,field_blank,33_2024,H6,e03483_E,E,e03483_E_20240509,20240509,12S MiFish,Julianna Cornett,Qiagen Multiplex Plus,no,yes,1st: 1.8x left
NC_5,2023,NBS,pcr_blank,33_2024,A7,NC_5_E,E,NC_5_E_20240509,20240509,12S MiFish,Julianna Cornett,Qiagen Multiplex Plus,no,yes,1st: 1.8x left
e03484,2023,NBS,sample,33_2024,B7,e03484_E,E,e03484_E_20240509,20240509,12S MiFish,Julianna Cornett,Qiagen Multiplex Plus,no,yes,1st: 1.8x left
e03485,2023,NBS,sample,33_2024,C7,e03485_E,E,e03485_E_20240509,20240509,12S MiFish,Julianna Cornett,Qiagen Multiplex Plus,no,yes,1st: 1.8x left
e03486,2023,NBS,sample,33_2024,D7,e03486_E,E,e03486_E_20240509,20240509,12S MiFish,Julianna Cornett,Qiagen Multiplex Plus,no,yes,1st: 1.8x left
e03487,2023,NBS,sample,33_2024,E7,e03487_E,E,e03487_E_20240509,20240509,12S MiFish,Julianna Cornett,Qiagen Multiplex Plus,no,yes,1st: 1.8x left
e03488,2023,NBS,sample,33_2024,F7,e03488_E,E,e03488_E_20240509,20240509,12S MiFish,Julianna Cornett,Qiagen Multiplex Plus,no,yes,1st: 1.8x left
e03489,2023,NBS,sample,33_2024,G7,e03489_E,E,e03489_E_20240509,20240509,12S MiFish,Julianna Cornett,Qiagen Multiplex Plus,no,yes,1st: 1.8x left
e03490,2023,NBS,sample,33_2024,H7,e03490_E,E,e03490_E_20240509,20240509,12S MiFish,Julianna Cornett,Qiagen Multiplex Plus,no,yes,1st: 1.8x left
e03491,2023,NBS,sample,33_2024,A8,e03491_E,E,e03491_E_20240509,20240509,12S MiFish,Julianna Cornett,Qiagen Multiplex Plus,no,yes,1st: 1.8x left
e03492,2023,NBS,sample,33_2024,B8,e03492_E,E,e03492_E_20240509,20240509,12S MiFish,Julianna Cornett,Qiagen Multiplex Plus,no,yes,1st: 1.8x left
e03493,2023,NBS,field_blank,33_2024,C8,e03493_E,E,e03493_E_20240509,20240509,12S MiFish,Julianna Cornett,Qiagen Multiplex Plus,no,yes,1st: 1.8x left
e03494,2023,NBS,sample,33_2024,D8,e03494_E,E,e03494_E_20240509,20240509,12S MiFish,Julianna Cornett,Qiagen Multiplex Plus,no,yes,1st: 1.8x left
e03495,2023,NBS,sample,33_2024,E8,e03495_E,E,e03495_E_20240509,20240509,12S MiFish,Julianna Cornett,Qiagen Multiplex Plus,no,yes,1st: 1.8x left
e03496,2023,NBS,sample,33_2024,F8,e03496_E,E,e03496_E_20240509,20240509,12S MiFish,Julianna Cornett,Qiagen Multiplex Plus,no,yes,1st: 1.8x left
e03497,2023,NBS,sample,33_2024,G8,e03497_E,E,e03497_E_20240509,20240509,12S MiFish,Julianna Cornett,Qiagen Multiplex Plus,no,yes,1st: 1.8x left
NC_6,2023,NBS,pcr_blank,33_2024,H8,NC_6_E,E,NC_6_E_20240509,20240509,12S MiFish,Julianna Cornett,Qiagen Multiplex Plus,no,yes,1st: 1.8x left
e03498,2023,NBS,sample,33_2024,A9,e03498_E,E,e03498_E_20240509,20240509,12S MiFish,Julianna Cornett,Qiagen Multiplex Plus,no,yes,1st: 1.8x left
e03499,2023,NBS,sample,33_2024,B9,e03499_E,E,e03499_E_20240509,20240509,12S MiFish,Julianna Cornett,Qiagen Multiplex Plus,no,yes,1st: 1.8x left
e03500,2023,NBS,field_blank,33_2024,C9,e03500_E,E,e03500_E_20240509,20240509,12S MiFish,Julianna Cornett,Qiagen Multiplex Plus,no,yes,1st: 1.8x left
e03501,2023,NBS,sample,33_2024,D9,e03501_E,E,e03501_E_20240509,20240509,12S MiFish,Julianna Cornett,Qiagen Multiplex Plus,no,yes,1st: 1.8x left
e03502,2023,NBS,sample,33_2024,E9,e03502_E,E,e03502_E_20240509,20240509,12S MiFish,Julianna Cornett,Qiagen Multiplex Plus,no,yes,1st: 1.8x left
e03503,2023,NBS,sample,33_2024,F9,e03503_E,E,e03503_E_20240509,20240509,12S MiFish,Julianna Cornett,Qiagen Multiplex Plus,no,yes,1st: 1.8x left
e03504,2023,NBS,sample,33_2024,G9,e03504_E,E,e03504_E_20240509,20240509,12S MiFish,Julianna Cornett,Qiagen Multiplex Plus,no,yes,1st: 1.8x left
e03505,2023,NBS,sample,33_2024,H9,e03505_E,E,e03505_E_20240509,20240509,12S MiFish,Julianna Cornett,Qiagen Multiplex Plus,no,yes,1st: 1.8x left
e03506,2023,NBS,sample,33_2024,A10,e03506_E,E,e03506_E_20240509,20240509,12S MiFish,Julianna Cornett,Qiagen Multiplex Plus,no,yes,1st: 1.8x left
e03507,2023,NBS,sample,33_2024,B10,e03507_E,E,e03507_E_20240509,20240509,12S MiFish,Julianna Cornett,Qiagen Multiplex Plus,no,yes,1st: 1.8x left
e03508,2023,NBS,sample,33_2024,C10,e03508_E,E,e03508_E_20240509,20240509,12S MiFish,Julianna Cornett,Qiagen Multiplex Plus,no,yes,1st: 1.8x left
NC_7,2023,NBS,pcr_blank,33_2024,D10,NC_7_E,E,NC_7_E_20240509,20240509,12S MiFish,Julianna Cornett,Qiagen Multiplex Plus,no,yes,1st: 1.8x left
e03509,2023,NBS,sample,33_2024,E10,e03509_E,E,e03509_E_20240509,20240509,12S MiFish,Julianna Cornett,Qiagen Multiplex Plus,no,yes,1st: 1.8x left
e03510,2023,NBS,field_blank,33_2024,F10,e03510_E,E,e03510_E_20240509,20240509,12S MiFish,Julianna Cornett,Qiagen Multiplex Plus,no,yes,1st: 1.8x left
e03511,2023,NBS,sample,33_2024,G10,e03511_E,E,e03511_E_20240509,20240509,12S MiFish,Julianna Cornett,Qiagen Multiplex Plus,no,yes,1st: 1.8x left
e03512,2023,NBS,sample,33_2024,H10,e03512_E,E,e03512_E_20240509,20240509,12S MiFish,Julianna Cornett,Qiagen Multiplex Plus,no,yes,1st: 1.8x left
e03513,2023,NBS,sample,33_2024,A11,e03513_E,E,e03513_E_20240509,20240509,12S MiFish,Julianna Cornett,Qiagen Multiplex Plus,no,yes,1st: 1.8x left
e03466,2023,NBS,field_blank,33_2024,B11,e03466_E,E,e03466_E_20240509,20240509,12S MiFish,Julianna Cornett,Qiagen Multiplex Plus,no,yes,1st: 1.8x left
PC,2023,NBS,positive,33_2024,C11,PC_E,E,PC_E_20240509,20240509,12S MiFish,Julianna Cornett,Qiagen Multiplex Plus,yes,yes,1st: 1.8x left
e03439,2023,NBS,sample,33_2024,A1,e03439_F,F,e03439_F_20240509,20240509,12S MiFish,Julianna Cornett,Qiagen Multiplex Plus,no,yes,1st: 1.8x left
e03440,2023,NBS,sample,33_2024,B1,e03440_F,F,e03440_F_20240509,20240509,12S MiFish,Julianna Cornett,Qiagen Multiplex Plus,no,yes,1st: 1.8x left
e03441,2023,NBS,sample,33_2024,C1,e03441_F,F,e03441_F_20240509,20240509,12S MiFish,Julianna Cornett,Qiagen Multiplex Plus,no,yes,1st: 1.8x left
e03442,2023,NBS,sample,33_2024,D1,e03442_F,F,e03442_F_20240509,20240509,12S MiFish,Julianna Cornett,Qiagen Multiplex Plus,no,yes,1st: 1.8x left
e03443,2023,NBS,sample,33_2024,E1,e03443_F,F,e03443_F_20240509,20240509,12S MiFish,Julianna Cornett,Qiagen Multiplex Plus,no,yes,1st: 1.8x left
e03444,2023,NBS,sample,33_2024,F1,e03444_F,F,e03444_F_20240509,20240509,12S MiFish,Julianna Cornett,Qiagen Multiplex Plus,no,yes,1st: 1.8x left
e03445,2023,NBS,sample,33_2024,G1,e03445_F,F,e03445_F_20240509,20240509,12S MiFish,Julianna Cornett,Qiagen Multiplex Plus,no,yes,1st: 1.8x left
e03446,2023,NBS,sample,33_2024,H1,e03446_F,F,e03446_F_20240509,20240509,12S MiFish,Julianna Cornett,Qiagen Multiplex Plus,no,yes,1st: 1.8x left
NC_1,2023,NBS,pcr_blank,33_2024,A2,NC_1_F,F,NC_1_F_20240509,20240509,12S MiFish,Julianna Cornett,Qiagen Multiplex Plus,no,yes,1st: 1.8x left
e03447,2023,NBS,sample,33_2024,B2,e03447_F,F,e03447_F_20240509,20240509,12S MiFish,Julianna Cornett,Qiagen Multiplex Plus,no,yes,1st: 1.8x left
e03448,2023,NBS,sample,33_2024,C2,e03448_F,F,e03448_F_20240509,20240509,12S MiFish,Julianna Cornett,Qiagen Multiplex Plus,no,yes,1st: 1.8x left
e03449,2023,NBS,field_blank,33_2024,D2,e03449_F,F,e03449_F_20240509,20240509,12S MiFish,Julianna Cornett,Qiagen Multiplex Plus,no,yes,1st: 1.8x left
e03450,2023,NBS,sample,33_2024,E2,e03450_F,F,e03450_F_20240509,20240509,12S MiFish,Julianna Cornett,Qiagen Multiplex Plus,no,yes,1st: 1.8x left
e03451,2023,NBS,sample,33_2024,F2,e03451_F,F,e03451_F_20240509,20240509,12S MiFish,Julianna Cornett,Qiagen Multiplex Plus,no,yes,1st: 1.8x left
e03452,2023,NBS,sample,33_2024,G2,e03452_F,F,e03452_F_20240509,20240509,12S MiFish,Julianna Cornett,Qiagen Multiplex Plus,no,yes,1st: 1.8x left
e03453,2023,NBS,sample,33_2024,H2,e03453_F,F,e03453_F_20240509,20240509,12S MiFish,Julianna Cornett,Qiagen Multiplex Plus,no,yes,1st: 1.8x left
e03454,2023,NBS,sample,33_2024,A3,e03454_F,F,e03454_F_20240509,20240509,12S MiFish,Julianna Cornett,Qiagen Multiplex Plus,no,yes,1st: 1.8x left
e03455,2023,NBS,sample,33_2024,B3,e03455_F,F,e03455_F_20240509,20240509,12S MiFish,Julianna Cornett,Qiagen Multiplex Plus,no,yes,1st: 1.8x left
e03456,2023,NBS,sample,33_2024,C3,e03456_F,F,e03456_F_20240509,20240509,12S MiFish,Julianna Cornett,Qiagen Multiplex Plus,no,yes,1st: 1.8x left
e03457,2023,NBS,sample,33_2024,D3,e03457_F,F,e03457_F_20240509,20240509,12S MiFish,Julianna Cornett,Qiagen Multiplex Plus,no,yes,1st: 1.8x left
e03458,2023,NBS,sample,33_2024,E3,e03458_F,F,e03458_F_20240509,20240509,12S MiFish,Julianna Cornett,Qiagen Multiplex Plus,no,yes,1st: 1.8x left
e03459,2023,NBS,field_blank,33_2024,F3,e03459_F,F,e03459_F_20240509,20240509,12S MiFish,Julianna Cornett,Qiagen Multiplex Plus,no,yes,1st: 1.8x left
e03460,2023,NBS,sample,33_2024,G3,e03460_F,F,e03460_F_20240509,20240509,12S MiFish,Julianna Cornett,Qiagen Multiplex Plus,no,yes,1st: 1.8x left
NC_2,2023,NBS,pcr_blank,33_2024,H3,NC_2_F,F,NC_2_F_20240509,20240509,12S MiFish,Julianna Cornett,Qiagen Multiplex Plus,no,yes,1st: 1.8x left
e03461,2023,NBS,sample,33_2024,A4,e03461_F,F,e03461_F_20240509,20240509,12S MiFish,Julianna Cornett,Qiagen Multiplex Plus,no,yes,1st: 1.8x left
e03462,2023,NBS,sample,33_2024,B4,e03462_F,F,e03462_F_20240509,20240509,12S MiFish,Julianna Cornett,Qiagen Multiplex Plus,no,yes,1st: 1.8x left
e03463,2023,NBS,sample,33_2024,C4,e03463_F,F,e03463_F_20240509,20240509,12S MiFish,Julianna Cornett,Qiagen Multiplex Plus,no,yes,1st: 1.8x left
e03464,2023,NBS,sample,33_2024,D4,e03464_F,F,e03464_F_20240509,20240509,12S MiFish,Julianna Cornett,Qiagen Multiplex Plus,no,yes,1st: 1.8x left
e03465,2023,NBS,sample,33_2024,E4,e03465_F,F,e03465_F_20240509,20240509,12S MiFish,Julianna Cornett,Qiagen Multiplex Plus,no,yes,1st: 1.8x left
NC_3,2023,NBS,pcr_blank,33_2024,F4,NC_3_F,F,NC_3_F_20240509,20240509,12S MiFish,Julianna Cornett,Qiagen Multiplex Plus,no,yes,1st: 1.8x left
e03467,2023,NBS,sample,33_2024,G4,e03467_F,F,e03467_F_20240509,20240509,12S MiFish,Julianna Cornett,Qiagen Multiplex Plus,no,yes,1st: 1.8x left
e03468,2023,NBS,sample,33_2024,H4,e03468_F,F,e03468_F_20240509,20240509,12S MiFish,Julianna Cornett,Qiagen Multiplex Plus,no,yes,1st: 1.8x left
e03469,2023,NBS,sample,33_2024,A5,e03469_F,F,e03469_F_20240509,20240509,12S MiFish,Julianna Cornett,Qiagen Multiplex Plus,no,yes,1st: 1.8x left
e03470,2023,NBS,sample,33_2024,B5,e03470_F,F,e03470_F_20240509,20240509,12S MiFish,Julianna Cornett,Qiagen Multiplex Plus,no,yes,1st: 1.8x left
e03471,2023,NBS,sample,33_2024,C5,e03471_F,F,e03471_F_20240509,20240509,12S MiFish,Julianna Cornett,Qiagen Multiplex Plus,no,yes,1st: 1.8x left
NC_4,2023,NBS,pcr_blank,33_2024,D5,NC_4_F,F,NC_4_F_20240509,20240509,12S MiFish,Julianna Cornett,Qiagen Multiplex Plus,no,yes,1st: 1.8x left
e03472,2023,NBS,sample,33_2024,E5,e03472_F,F,e03472_F_20240509,20240509,12S MiFish,Julianna Cornett,Qiagen Multiplex Plus,no,yes,1st: 1.8x left
e03473,2023,NBS,sample,33_2024,F5,e03473_F,F,e03473_F_20240509,20240509,12S MiFish,Julianna Cornett,Qiagen Multiplex Plus,no,yes,1st: 1.8x left
e03474,2023,NBS,sample,33_2024,G5,e03474_F,F,e03474_F_20240509,20240509,12S MiFish,Julianna Cornett,Qiagen Multiplex Plus,no,yes,1st: 1.8x left
e03475,2023,NBS,sample,33_2024,H5,e03475_F,F,e03475_F_20240509,20240509,12S MiFish,Julianna Cornett,Qiagen Multiplex Plus,no,yes,1st: 1.8x left
e03476,2023,NBS,field_blank,33_2024,A6,e03476_F,F,e03476_F_20240509,20240509,12S MiFish,Julianna Cornett,Qiagen Multiplex Plus,no,yes,1st: 1.8x left
e03477,2023,NBS,sample,33_2024,B6,e03477_F,F,e03477_F_20240509,20240509,12S MiFish,Julianna Cornett,Qiagen Multiplex Plus,no,yes,1st: 1.8x left
e03478,2023,NBS,sample,33_2024,C6,e03478_F,F,e03478_F_20240509,20240509,12S MiFish,Julianna Cornett,Qiagen Multiplex Plus,no,yes,1st: 1.8x left
e03479,2023,NBS,sample,33_2024,D6,e03479_F,F,e03479_F_20240509,20240509,12S MiFish,Julianna Cornett,Qiagen Multiplex Plus,no,yes,1st: 1.8x left
e03480,2023,NBS,sample,33_2024,E6,e03480_F,F,e03480_F_20240509,20240509,12S MiFish,Julianna Cornett,Qiagen Multiplex Plus,no,yes,1st: 1.8x left
e03481,2023,NBS,sample,33_2024,F6,e03481_F,F,e03481_F_20240509,20240509,12S MiFish,Julianna Cornett,Qiagen Multiplex Plus,no,yes,1st: 1.8x left
e03482,2023,NBS,sample,33_2024,G6,e03482_F,F,e03482_F_20240509,20240509,12S MiFish,Julianna Cornett,Qiagen Multiplex Plus,no,yes,1st: 1.8x left
e03483,2023,NBS,field_blank,33_2024,H6,e03483_F,F,e03483_F_20240509,20240509,12S MiFish,Julianna Cornett,Qiagen Multiplex Plus,no,yes,1st: 1.8x left
NC_5,2023,NBS,pcr_blank,33_2024,A7,NC_5_F,F,NC_5_F_20240509,20240509,12S MiFish,Julianna Cornett,Qiagen Multiplex Plus,no,yes,1st: 1.8x left
e03484,2023,NBS,sample,33_2024,B7,e03484_F,F,e03484_F_20240509,20240509,12S MiFish,Julianna Cornett,Qiagen Multiplex Plus,no,yes,1st: 1.8x left
e03485,2023,NBS,sample,33_2024,C7,e03485_F,F,e03485_F_20240509,20240509,12S MiFish,Julianna Cornett,Qiagen Multiplex Plus,no,yes,1st: 1.8x left
e03486,2023,NBS,sample,33_2024,D7,e03486_F,F,e03486_F_20240509,20240509,12S MiFish,Julianna Cornett,Qiagen Multiplex Plus,no,yes,1st: 1.8x left
e03487,2023,NBS,sample,33_2024,E7,e03487_F,F,e03487_F_20240509,20240509,12S MiFish,Julianna Cornett,Qiagen Multiplex Plus,no,yes,1st: 1.8x left
e03488,2023,NBS,sample,33_2024,F7,e03488_F,F,e03488_F_20240509,20240509,12S MiFish,Julianna Cornett,Qiagen Multiplex Plus,no,yes,1st: 1.8x left
e03489,2023,NBS,sample,33_2024,G7,e03489_F,F,e03489_F_20240509,20240509,12S MiFish,Julianna Cornett,Qiagen Multiplex Plus,no,yes,1st: 1.8x left
e03490,2023,NBS,sample,33_2024,H7,e03490_F,F,e03490_F_20240509,20240509,12S MiFish,Julianna Cornett,Qiagen Multiplex Plus,no,yes,1st: 1.8x left
e03491,2023,NBS,sample,33_2024,A8,e03491_F,F,e03491_F_20240509,20240509,12S MiFish,Julianna Cornett,Qiagen Multiplex Plus,no,yes,1st: 1.8x left
e03492,2023,NBS,sample,33_2024,B8,e03492_F,F,e03492_F_20240509,20240509,12S MiFish,Julianna Cornett,Qiagen Multiplex Plus,no,yes,1st: 1.8x left
e03493,2023,NBS,field_blank,33_2024,C8,e03493_F,F,e03493_F_20240509,20240509,12S MiFish,Julianna Cornett,Qiagen Multiplex Plus,no,yes,1st: 1.8x left
e03494,2023,NBS,sample,33_2024,D8,e03494_F,F,e03494_F_20240509,20240509,12S MiFish,Julianna Cornett,Qiagen Multiplex Plus,no,yes,1st: 1.8x left
e03495,2023,NBS,sample,33_2024,E8,e03495_F,F,e03495_F_20240509,20240509,12S MiFish,Julianna Cornett,Qiagen Multiplex Plus,no,yes,1st: 1.8x left
e03496,2023,NBS,sample,33_2024,F8,e03496_F,F,e03496_F_20240509,20240509,12S MiFish,Julianna Cornett,Qiagen Multiplex Plus,no,yes,1st: 1.8x left
e03497,2023,NBS,sample,33_2024,G8,e03497_F,F,e03497_F_20240509,20240509,12S MiFish,Julianna Cornett,Qiagen Multiplex Plus,no,yes,1st: 1.8x left
NC_6,2023,NBS,pcr_blank,33_2024,H8,NC_6_F,F,NC_6_F_20240509,20240509,12S MiFish,Julianna Cornett,Qiagen Multiplex Plus,no,yes,1st: 1.8x left
e03498,2023,NBS,sample,33_2024,A9,e03498_F,F,e03498_F_20240509,20240509,12S MiFish,Julianna Cornett,Qiagen Multiplex Plus,no,yes,1st: 1.8x left
e03499,2023,NBS,sample,33_2024,B9,e03499_F,F,e03499_F_20240509,20240509,12S MiFish,Julianna Cornett,Qiagen Multiplex Plus,no,yes,1st: 1.8x left
e03500,2023,NBS,field_blank,33_2024,C9,e03500_F,F,e03500_F_20240509,20240509,12S MiFish,Julianna Cornett,Qiagen Multiplex Plus,no,yes,1st: 1.8x left
e03501,2023,NBS,sample,33_2024,D9,e03501_F,F,e03501_F_20240509,20240509,12S MiFish,Julianna Cornett,Qiagen Multiplex Plus,no,yes,1st: 1.8x left
e03502,2023,NBS,sample,33_2024,E9,e03502_F,F,e03502_F_20240509,20240509,12S MiFish,Julianna Cornett,Qiagen Multiplex Plus,no,yes,1st: 1.8x left
e03503,2023,NBS,sample,33_2024,F9,e03503_F,F,e03503_F_20240509,20240509,12S MiFish,Julianna Cornett,Qiagen Multiplex Plus,no,yes,1st: 1.8x left
e03504,2023,NBS,sample,33_2024,G9,e03504_F,F,e03504_F_20240509,20240509,12S MiFish,Julianna Cornett,Qiagen Multiplex Plus,no,yes,1st: 1.8x left
e03505,2023,NBS,sample,33_2024,H9,e03505_F,F,e03505_F_20240509,20240509,12S MiFish,Julianna Cornett,Qiagen Multiplex Plus,no,yes,1st: 1.8x left
e03506,2023,NBS,sample,33_2024,A10,e03506_F,F,e03506_F_20240509,20240509,12S MiFish,Julianna Cornett,Qiagen Multiplex Plus,no,yes,1st: 1.8x left
e03507,2023,NBS,sample,33_2024,B10,e03507_F,F,e03507_F_20240509,20240509,12S MiFish,Julianna Cornett,Qiagen Multiplex Plus,no,yes,1st: 1.8x left
e03508,2023,NBS,sample,33_2024,C10,e03508_F,F,e03508_F_20240509,20240509,12S MiFish,Julianna Cornett,Qiagen Multiplex Plus,no,yes,1st: 1.8x left
NC_7,2023,NBS,pcr_blank,33_2024,D10,NC_7_F,F,NC_7_F_20240509,20240509,12S MiFish,Julianna Cornett,Qiagen Multiplex Plus,no,yes,1st: 1.8x left
e03509,2023,NBS,sample,33_2024,E10,e03509_F,F,e03509_F_20240509,20240509,12S MiFish,Julianna Cornett,Qiagen Multiplex Plus,no,yes,1st: 1.8x left
e03510,2023,NBS,field_blank,33_2024,F10,e03510_F,F,e03510_F_20240509,20240509,12S MiFish,Julianna Cornett,Qiagen Multiplex Plus,no,yes,1st: 1.8x left
e03511,2023,NBS,sample,33_2024,G10,e03511_F,F,e03511_F_20240509,20240509,12S MiFish,Julianna Cornett,Qiagen Multiplex Plus,no,yes,1st: 1.8x left
e03512,2023,NBS,sample,33_2024,H10,e03512_F,F,e03512_F_20240509,20240509,12S MiFish,Julianna Cornett,Qiagen Multiplex Plus,no,yes,1st: 1.8x left
e03513,2023,NBS,sample,33_2024,A11,e03513_F,F,e03513_F_20240509,20240509,12S MiFish,Julianna Cornett,Qiagen Multiplex Plus,no,yes,1st: 1.8x left
e03466,2023,NBS,field_blank,33_2024,B11,e03466_F,F,e03466_F_20240509,20240509,12S MiFish,Julianna Cornett,Qiagen Multiplex Plus,no,yes,1st: 1.8x left
PC,2023,NBS,positive,33_2024,C11,PC_F,F,PC_F_20240509,20240509,12S MiFish,Julianna Cornett,Qiagen Multiplex Plus,yes,yes,1st: 1.8x left
